545221931	03C67B01	0346BF05	C3C6EE1D	D47600C2	EE3664D5	B5A2DE19	01DA57AA	E54EC759	447A8B7E	D3469996	0C95D7CE	?	F9C414AF	299EC29B	47F0EC8A	BF94AFA2	29330D97	A222B420	D28FF71A
545221936	4CA6482E	85BB6526	5DED116B	DC811017	3E191063	7BDAC719	C4BC04A1	BED9A4A0	365028DF	951EB3FB	8AF4990C	?	64E40D1F	D92BFDF7	F2BA749E	89B46789	B967BEED	DA014467	01F0DC57
545221941	9585155B	08300B46	F81334B9	E48B1F6D	8DFBBBF1	4212B019	879EB199	986381E7	2827C63F	56F6CE5F	09545A4A	?	D005058F	88B93954	9D85FCB2	53D41F6F	499C7043	11E0D4AD	3151C194
545221946	DE65E288	8AA4B167	92395807	EC962EC2	DDDD677F	084A9919	4A805E90	71ED5F2D	19FD63A0	18CFE8C4	87B31B88	?	3B25FDFF	384774B0	485084C7	1DF3D756	D9D02199	49BF64F4	60B1A6D1
545221951	2744AFB5	0D195787	2C607B54	F4A03E17	2DBF130D	CE818219	0D630B87	4B783C74	0BD30101	DAA70328	0613DCC6	?	A645F66F	E7D4B00D	F31B0CDB	E8138F3C	6A04D2EF	819DF53B	90128C0E
545221957	B1EA3F85	100CEBAE	B228727E	97E01D4A	8D9CADB7	EF91334C	5DA5417D	5084792F	613B8AA8	C344BC6E	9DB99176	?	C06BBA28	20E5C416	8CDCE35A	A76CD250	E3DC0E23	F7DC08C3	2F536BF1
545221962	FACA0CB2	928091CF	4C4E95CC	9FEB2CA0	DD7E5945	B5C91C4C	2087EE74	2A0E5675	53112808	851CD6D2	1C1852B4	?	2B8BB298	D072FF72	37A76B6E	718B8A37	7410BF79	2FBB990A	5EB4512E
545221967	43A9D9DF	14F537EF	E674B91A	A7F63BF5	2D6004D2	7C01054C	E36A9B6B	039833BC	44E8C569	46F4F137	9A7813F2	?	96ACAB08	80003ACF	E272F383	3BAB421D	044470CF	679A2951	8E15366B
545221972	8C89A70C	976ADE10	809BDC67	B0004B4B	7D43B060	4239EE4C	A64C4862	DD231102	36BE62CA	08CC0B9B	18D8D530	?	01CCA378	2F8E762C	8D3D7B97	05CAFA04	94792225	9F78B997	BD761BA7
545221977	D5687439	19DE8430	1AC1FFB5	B80B5AA0	CD255BEE	0871D74C	692EF559	B6ADEE49	2894002A	CAA42600	9737966E	?	6CEC9BE7	DF1CB188	380803AB	CFEAB1EA	24ADD37B	D75749DE	ECD700E4
545221982	1E484166	9C532A51	B4E82303	C01569F5	1D07077C	CEA9C04C	2C10A251	9037CB8F	1A6B9D8B	8C7C4064	159757AC	?	D80C9457	8EA9ECE5	E2D28BBF	9A0969D0	B4E184D1	0F36DA25	1C37E621
545221987	67270E93	1EC8D071	4F0E4651	C820794B	6CEAB30A	94E1A94C	EEF34F48	69C2A8D6	0C413AEC	4E555AC9	93F618EA	?	432C8CC7	3E372841	8D9D13D4	642921B7	45153628	47156A6C	4B98CB5E
545221992	B007DBC0	A13C7691	E934699E	D02B88A0	BCCC5E98	5B19924C	B1D5FC3F	434C861D	FE17D84C	102D752D	1256DA28	?	AE4C8537	EDC5639E	38689BE8	2E48D99D	D549E77E	7EF4FAB3	7AF9B09B
545221997	F8E6A8ED	23B11CB2	835B8CEC	D83597F5	0CAE0A26	21517B4C	74B7A936	1CD66363	EFEE75AD	D2058F92	90B69B66	?	196C7DA7	9D529EFA	E33323FC	F8689184	657D98D4	B6D38AF9	AA5A95D8
545222002	41C6761A	A626C2D2	1D81B03A	E040A74B	5C90B5B3	E789644C	3799562D	F66040AA	E1C4130E	93DDA9F6	0F155CA4	?	848C7617	4CE0DA57	8DFEAC11	C287496A	F5B24A2A	EEB21B40	D9BB7B15
545222011	91BF4DD1	2A91210D	662D22F9	5520F618	EC5B1DB3	19216E18	2FFD271E	7DF39BC2	61DF6188	F0C83FDE	F28EEBAD	?	ABC69BAD	22797864	F49F6DCF	618D2E09	2C7622F8	200FB88C	C89C4AE9
545222016	DA9E1AFE	AD06C72D	00534647	5D2B056D	3C3DC941	DF595718	F2E0D415	577D7909	53B6FEE9	B2A15A43	70EEACEB	?	16E6941D	D206B3C1	9F6AF5E3	2BADE5EF	BCAAD44E	57EE48D3	F7FD3026
545222021	237EE82C	2F7B6D4E	9A7A6994	653514C2	8C2074CE	A5914018	B5C2810C	3108564F	458C9C4A	747974A7	EF4D6E29	?	82068C8D	8194EF1D	4A357DF7	F5CC9DD6	4CDE85A4	8FCDD91A	275E1563
545222026	6C5DB559	B1EF136E	34A08CE2	6D402418	DC02205C	6BC92918	78A42E03	0A923396	376239AA	36518F0C	6DAD2F66	?	ED2684FD	31222A7A	F500060C	BFEC55BC	DD1236FA	C7AC6961	56BFFAA0
545222031	B53D8286	3464B98F	CEC6B030	754A336D	2BE4CBEA	32011218	3B86DAFB	E41C10DC	2939D70B	F829A970	EC0CF0A4	?	58477D6C	E0B065D7	9FCB8E20	8A0B0DA2	6D47E850	FF8BF9A8	8620DFDD
545222036	FE1C4FB3	B6D95FAF	68EDD37D	7D5542C2	7BC67778	F839FB18	FE6987F2	BDA6EE23	1B0F746B	BA01C3D4	6A6CB1E2	?	C36775DC	903DA133	4A961634	542BC589	FD7B99A6	376A89EE	B580C51A
545222041	46FC1CE0	394E05D0	0313F6CB	85605218	CBA92306	BE71E418	C14B34E9	9731CB69	0CE511CC	7BD9DE39	E8CC7320	?	2E876E4C	3FCBDC90	F5619E49	1E4A7D6F	8DAF4AFC	6F491A35	E4E1AA56
545222046	8FDCEA0D	BBC2ABF0	9D3A1A19	8D6A616D	1B8BCE94	84A9CD18	842DE1E0	70BBA8B0	FEBCAF2D	3DB1F89D	672B345E	?	99A766BC	EF5917EC	A02C265D	E86A3556	1DE3FC52	A727AA7C	14428F93
545222051	D8BBB73A	3E375211	37603D67	957570C2	6B6D7A21	4AE1B618	470F8ED7	4A4585F7	F0924C8D	FF8A1302	E58BF59C	?	04C75F2C	9EE65349	4AF6AE71	B289ED3C	AE17ADA8	DF063AC3	43A374D0
545222056	219B8467	C0ACF831	D18660B4	9D7F8018	BB5025AF	11199F18	09F23BCF	23D0633D	E268E9EE	C1622D66	63EAB6DA	?	6FE7579C	4E748EA5	F5C13686	7CA9A522	3E4C5EFE	16E5CB09	73045A0D
545222061	6A7A5194	43209E52	6BAD8402	A58A8F6D	0B32D13D	D7518818	CCD4E8C6	FD5A4084	D43E874F	833A47CB	E24A7818	?	DB07500C	FE02CA02	A08CBE9A	46C85D09	CE801054	4EC45B50	A2653F4A
545222066	B35A1EC1	C5954472	05D3A750	AD959EC3	5B147CCB	9D897118	8FB695BD	D6E41DCA	C61524AF	4512622F	60AA3956	?	4627487C	AD90055F	4B5746AE	10E814EF	5EB4C1AA	86A3EB97	D1C52487
545222071	FC39EBEE	480AEA93	9FFACA9E	B59FAE18	AAF62859	63C15A18	529842B4	B06EFB11	B7EBC210	06EA7C94	DF09FA94	?	B14840EB	5D1D40BB	F622CEC3	DB07CCD6	EEE87300	BE827BDE	012609C4
545222076	4519B91B	CA7E90B3	3A20EDEB	BDAABD6D	FAD9D3E7	29F94318	157BEFAB	89F9D857	A9C15F70	C8C296F8	5D69BBD2	?	1C68395B	0CAB7C18	A0ED56D7	A52784BC	7F1C2457	F6600C25	3087EF01
545222081	8DF88648	4CF336D4	D4471139	C5B5CCC3	4ABB7F75	F0312C17	D85D9CA3	6383B59E	9B98FCD1	8A9AB15D	DBC87D0F	?	878831CB	BC39B774	4BB8DEEB	6F473CA2	0F50D5AD	2E3F9C6B	5FE8D43E
545222086	D6D85375	CF68DCF4	6E6D3487	CDBFDC18	9A9D2B02	B6691517	9B3F499A	3D0D92E4	8D6E9A32	4C73CBC1	5A283E4D	?	F2A82A3B	6BC6F2D1	F6836700	3966F489	9F858703	661E2CB2	8F49B97B
545222092	617EE344	D25A711B	F4352BB1	70FFBB4B	FA7AC5AD	D779C64B	EB827F8F	421ACF9F	E2D623D9	350F8507	F1CEF2FE	?	0CCEEDF4	A4D706DA	90433D7E	F8BF379D	195DC237	DC5D403A	2E8A995D
545222097	AA5DB071	54CF173C	8E5B4EFE	790ACAA1	4A5C713A	9DB1AF4A	AE642C87	1BA4ACE6	D4ACC13A	F6E89F6B	702DB43C	?	77EFE664	54644236	3B0EC593	C2DFEF84	A991738D	143CD081	5DEB7E9A
545222102	F33D7D9E	D743BD5C	2881724C	8114D9F6	9A3E1CC8	63E8984A	7146D97E	F52E8A2C	C6825E9A	B8C0B9D0	EE8D757A	?	E30FDED4	03F27D93	E5D94DA7	8CFEA76A	39C524E3	4C1A60C8	8D4B63D7
545222107	3C1C4ACB	59B8637D	C2A8959A	891FE94B	EA21C856	2A20814A	34298675	CEB86773	B859FBFB	7A98D434	6CED36B8	?	4E2FD744	B380B8F0	90A4D5BB	571E5F50	C9F9D639	83F9F10F	BCAC4914
545222112	84FC17F8	DC2D099D	5CCEB8E8	912AF8A1	3A0373E4	F0586A4A	F70B336C	A84344BA	AA2F995B	3C70EE99	EB4CF7F6	?	B94FCFB4	630EF44C	3B6F5DD0	213D1737	5A2D878F	BBD88155	EC0D2E51
545222117	CDDBE525	5EA2AFBE	F6F5DC35	993407F6	89E51F72	B690534A	B9EDE063	81CD2200	9C0536BC	FE4808FD	69ACB934	?	246FC824	129B2FA9	E63AE5E4	EB5DCF1D	EA6238E5	F3B7119C	1B6E138E
545222122	16BBB252	E11655DE	911BFF83	A13F174B	D9C7CB00	7CC83C4A	7CCF8D5B	5B57FF47	8DDCD41D	C0202362	E80B7A72	?	8F8FC094	C2296B05	91056DF8	B57C8704	7A96EA3B	2B96A1E3	4ACFF8CB
545222127	5F9A7F7F	638BFBFE	2B4222D1	A94A26A1	29AA768E	4300254A	3FB23A52	34E2DC8D	7FB2717D	81F83DC6	666B3BAF	?	FAAFB904	71B7A662	3BD0F60C	7F9C3EEA	0ACA9B91	6375322A	7A30DE08
545222132	A87A4CAC	E600A21F	C568461E	B15435F6	798C221B	09380E4A	0294E749	0E6CB9D4	71880EDE	43D1582A	E4CBFCED	?	65CFB173	2144E1BF	E69B7E21	49BBF6D0	9AFE4CE7	9B53C271	A990C345
545222137	F15919D9	6874483F	5F8E696C	B95F454B	C96ECDA9	CF70F74A	C5769440	E7F6971A	635FAC3F	05A9728F	632ABE2B	?	D0EFA9E3	D0D21D1B	91660635	13DBAEB7	2B32FE3D	D33252B7	D8F1A882
545222142	3A39E706	EAE9EE60	F9B58CBA	C16954A1	19517937	95A8E04A	88584137	C1807461	5535499F	C7818CF3	E18A7F69	?	3C10A253	80605878	3C318E49	DDFB669D	BB67AF93	0B11E2FE	08528DBF
545222147	8318B434	6D5E9480	93DBB008	C97463F6	693324C5	5BE0C94A	4B3AEE2F	9B0B51A7	470BE700	8959A758	5FE940A7	?	A7309AC3	2FED93D4	E6FC165E	A81A1E84	4B9B60E9	42F07345	37B372FB
545222152	CBF88161	EFD23AA1	2E02D355	D17F734B	B915D053	2218B24A	0E1D9B26	74952EEE	38E28460	4B31C1BC	DE4901E5	?	12509333	DF7BCF31	91C79E72	723AD66A	DBCF123F	7ACF038C	67145838
545222157	14D84E8E	7247E0C1	C828F6A3	D98982A1	08F87BE1	E8509B4A	D0FF481D	4E1F0C34	2AB821C1	0D09DC21	5CA9C323	?	7D708BA3	8F090A8E	3C922686	3C598E50	6C03C395	B2AE93D3	96753D75
545222162	5DB71BBB	F4BC86E2	624E19F1	E19491F6	58DA276E	AE88844A	93E1F514	27AAE97B	1C8EBF22	CEE1F685	DB088461	?	E8908413	3E9745EA	E75DAE9B	06794637	FC3774EB	EA8D2419	C5D522B2
545222167	A697E8E8	77302D02	FC753D3F	E99EA14C	A8BCD2FC	74C06D4A	56C3A20C	0134C6C2	0E655C82	90BA10EA	5968459F	?	53B07C82	EE248147	922836AF	D098FE1D	8C6B2642	226BB460	F53607EF
545222172	EF76B615	F9A5D323	969B608C	F1A9B0A1	F89E7E8A	3AF8564A	19A64F03	DABEA408	003BF9E3	52922B4E	D7C706DD	?	BED074F2	9DB2BCA3	3CF3BEC3	9AB8B604	1CA0D798	5A4A44A7	2497ED2C
545222177	38568342	7C1A7943	30C283DA	F9B4BFF6	48812A18	01303F4A	DC88FBFA	B448814F	F2119744	146A45B3	5627C81B	?	29F06D62	4D40F800	E7BE46D8	64D76DEA	ACD488EE	9229D4EE	53F8D269
545222182	8135506F	FE8E1F64	CAE8A728	01BECF4C	9863D5A6	C7682849	9F6AA8F1	8DD35E95	E3E734A4	D6426017	D4868958	?	951065D2	FCCD335C	9289CEEC	2EF725D0	3D083A44	CA086535	8359B7A6
545222187	CA151D9C	8103C584	650ECA75	09C9DEA1	E8458134	8DA01149	624C55E8	675D3BDC	D5BED205	981A7A7C	52E64A96	?	00315E42	AC5B6EB9	3D545700	F916DDB7	CD3CEB9A	01E7F57B	B2BA9CE3
545222192	12F4EAC9	03786BA5	FF35EDC3	11D4EDF6	38282CC2	53D8FA49	252F02E0	40E71922	C7946F65	59F294E0	D1460BD4	?	6B5156B2	5BE9AA16	E81FDF15	C336959D	5D709CF0	39C685C2	E21A8220
545222197	5BD4B7F6	85EC11C5	995B1111	19DEFD4C	880AD84F	1A10E349	E811AFD7	1A72F669	B96A0CC6	1BCAAF45	4FA5CD12	?	D6714F22	0B77E572	92EA6729	8D554D84	EDA44E46	71A41609	117B675D
545222202	A4B38523	0861B7E6	3382345F	21E90CA1	D7EC83DD	E048CC49	AAF35CCE	F3FCD3AF	AB41AA27	DDA3C9A9	CE058E50	?	41914792	BB0420CF	3DB5EF3D	5775056A	7DD9FF9C	A983A650	40DC4C9A
545222207	ED935250	8AD65E06	CDA857AC	29F31BF6	27CE2F6B	A680B549	6DD509C5	CD86B0F6	9D174787	9F7BE40E	4C644F8E	?	ACB14001	6A925C2B	E87F7751	2194BD50	0E0DB0F2	E1623696	703D31D6
545222212	36721F7D	0D4B0427	67CE7AFA	31FE2B4C	77B1DAF9	6CB89E49	30B8B6BC	A7118E3C	8EEDE4E8	6153FE72	CAC410CC	?	17D13871	1A209788	934AFF66	EBB47537	9E416248	1941C6DD	9F9E1713
545222217	7F52ECAA	8FBFAA47	01F59E48	3A093AA1	C7938687	32F08749	F39A63B4	809B6B83	80C48249	232B18D7	4924D20A	?	82F130E1	C9ADD2E5	3E15877A	B5D42D1D	2E75139E	51205724	CEFFFC50
545222222	C831B9D7	12345068	9C1BC195	421349F6	17753215	F9287049	B67C10AB	5A2548CA	729A1FA9	E503333B	C7839348	?	EE112951	793B0E41	E8E00F8E	7FF3E504	BEA9C4F4	88FFE76B	FE5FE18D
545222227	11118704	94A9F688	3642E4E3	4A1E594C	6758DDA2	BF605949	795EBDA2	33AF2610	6470BD0A	A6DB4DA0	45E35486	?	593221C1	28C9499E	93AB97A3	4A139CEA	4EDD764A	C0DE77B2	2DC0C6CA
545222232	59F05431	171D9CA9	D0680831	522968A1	B73A8930	85984249	3C416A99	0D3A0357	56475A6B	68B36804	C44215C4	?	C4521A31	D85684FA	3E761FB7	143254D0	DF1227A0	F8BC07F8	5D21AC07
545222238	E496E400	1A1030D0	5630FF5B	F56947D4	171623DB	A6A8F37C	8C83A08F	12464012	ABAEE412	51502149	5BE8CA74	?	DE78DDEA	11679903	D837F636	D38B97E5	58EA62D4	6EFB1B81	FC628BEA
545222243	2D76B12D	9C84D6F0	F05622A9	FD73572A	66F9CF68	6CE0DC7C	4F664D86	EBD01D58	9D858172	13293BAE	DA488BB2	?	4998D65A	C0F5D460	83027E4A	9DAB4FCB	E91E142A	A6DAABC7	2BC37127
545222248	76557E5A	1EF97D11	8A7D45F6	057E667F	B6DB7AF6	3318C57C	1248FA7D	C55BFA9F	8F5B1ED3	D5015612	58A74CF0	?	B4B8CECA	70820FBC	2DCC065E	67CA07B2	7952C580	DEB93C0E	5B245664
545222253	BF354B87	A16E2331	24A36944	0D8875D4	06BD2684	F950AE7C	D52AA774	9EE5D7E5	8131BC34	96D97077	D7070E2E	?	1FD9C73A	20104B19	D8978E73	31EABF98	098676D7	1698CC55	8A853BA1
545222258	081418B4	23E2C951	BEC98C92	1593852A	569FD212	BF87977C	980C546C	786FB52C	73085994	58B18ADB	5567CF6C	?	8AF9BFAA	CF9E8676	83621687	FC09777F	99BB282D	4E765C9C	B9E520DD
545222263	50F4E5E1	A6576F72	58F0AFDF	1D9E947F	A6827DA0	85BF807C	5AEF0163	51F99272	64DEF6F5	1A89A540	D3C690AA	?	F619B819	7F2BC1D2	2E2D9E9B	C6292F65	29EFD983	8655ECE2	E946061A
545222268	99D4B30E	28CC1592	F316D32D	25A8A3D5	F664292E	4BF7697C	1DD1AE5A	2B846FB9	56B49455	DC61BFA4	522651E8	?	6139B089	2EB9FD2F	D8F826B0	9048E74B	BA238AD9	BE347D29	18A7EB57
545222273	E2B3803C	AB41BBB3	8D3DF67B	2DB3B32A	4646D4BB	122F527C	E0B35B51	050E4CFF	488B31B6	9E39DA09	D0851326	?	CC59A8F9	DE47388B	83C3AEC4	5A689F32	4A573C2F	F6130D70	4808D094
545222278	2B934D69	2DB561D3	276319C9	35BDC27F	96298049	D8673B7C	A3950848	DE982A46	3A61CF17	6011F46D	4EE5D464	?	3779A169	8DD573E8	2E8E36D8	24885718	DA8BED85	2DF29DB7	7769B5D1
545222283	74721A96	B02A07F4	C18A3D16	3DC8D1D5	E60B2BD7	9E9F247B	6678B540	B823078D	2C376C77	21EA0ED2	CD4595A1	?	A29999D9	3D62AF44	D959BEED	EEA70EFF	6ABF9EDB	65D12DFE	A6CA9B0E
545222288	BD52E7C3	329FAE14	5BB06064	45D3E12A	35EDD765	64D70D7B	295A6237	91ADE4D3	1E0E09D8	E3C22936	4BA456DF	?	0DB99249	ECF0EAA1	84244701	B8C7C6E5	FAF45031	9DAFBE44	D62A804B
545222293	0631B4F0	B5135435	F5D683B2	4DDDF07F	85D082F3	2B0FF67B	EC3C0F2E	6B37C21A	0FE4A739	A59A439B	CA04181D	?	78D98AB9	9C7E25FE	2EEFCF15	82E67ECB	8B280187	D58E4E8B	058B6588
545222298	4F11821D	3788FA55	8FFDA700	55E8FFD5	D5B22E81	F147DF7B	AF1EBC25	44C19F60	01BA4499	67725DFF	4863D95B	?	E3FA8329	4C0B615A	D9BA572A	4D0636B2	1B5CB2DD	0D6DDED2	34EC4AC5
545222303	97F04F4A	B9FDA076	2A23CA4D	5DF30F2A	2594DA0F	B77FC87B	7200691D	1E4C7CA7	F390E1FA	294A7864	C6C39A99	?	4F1A7B98	FB999CB7	8485DF3E	1725EE98	AB906433	454C6F19	644D3002
545222308	E0D01C77	3C714696	C44AED9B	65FD1E7F	7576859C	7DB7B17B	34E31614	F7D659ED	E5677F5A	EB2292C8	45235BD7	?	BA3A7408	AB27D813	2F506752	E145A67F	3BC41589	7D2BFF60	93AE153F
545222313	29AFE9A4	BEE6ECB7	5E7010E9	6E082DD5	C559312A	43EF9A7B	F7C5C30B	D1603734	D73D1CBB	ACFAAD2D	C3821D15	?	255A6C78	5AB41370	DA1BEF66	AB645E65	CBF8C6DF	B50A8FA6	C30FFA7B
545222318	728FB6D1	415B92D7	F8963436	76123D2A	153BDCB8	0A27837B	BAA77002	AAEB147A	C913BA1C	6ED3C791	41E2DE53	?	907A64E8	0A424ECD	84E6777B	7584164B	5C2D7835	ECE81FED	F26FDFB8
545222323	BB6E83FE	C3CF38F8	92BD5784	7E1D4C80	651D8846	D05F6C7B	7D891CF9	8475F1C1	BAEA577C	30ABE1F6	C0419F91	?	FB9A5D58	B9D08A29	2FB1FF8F	3FA3CE32	EC61298B	24C7B034	21D0C4F5
545222328	044E512B	4644DF18	2CE37AD2	86285BD5	B50033D4	9697557B	406CC9F1	5DFFCF07	ACC0F4DD	F283FC5A	3EA160CF	?	66BA55C8	695EC586	DA7C87A3	09C38618	7C95DAE1	5CA6407B	5131AA32
545222333	4D2D1E58	C8B98539	C70A9E20	8E326B2A	04E2DF62	5CCF3E7B	034E76E8	3789AC4E	9E96923E	B45B16BF	BD01220D	?	D1DA4E38	18EB00E2	85470FB8	D3E23DFF	0CC98C37	9485D0C2	80928F6F
545222338	960DEB85	4B2D2B59	6130C16D	963D7A80	54C48AEF	2307277B	C63023DF	11148995	906D2F9E	76333123	3B60E34A	?	3CFA46A7	C8793C3F	301297CC	9E02F5E5	9CFD3D8D	CC646108	AFF374AC
545222343	DEECB8B2	CDA2D17A	FB56E4BB	9E4889D5	A4A6367D	E93F107B	8912D0D6	EA9E66DB	8243CCFF	380B4B87	B9C0A488	?	A81B3F17	7807779C	DADD1FE0	6822ADCB	2D32EEE4	0443F14F	DF5459E9
545222348	27CC85DF	5017779A	957D0809	A652992A	F489E20B	AF77F97B	4BF57DCD	C4284422	74196A60	F9E365EC	381F65C6	?	133B3787	2794B2F8	85A8A7F5	324165B2	BD66A03A	3C228196	0EB43F26
545222353	70AC530C	D28B1DBB	2FA32B56	AE5DA880	446B8D99	75AFE27B	0ED72AC5	9DB32168	65F007C0	BBBC8050	B67F2704	?	7E5B2FF7	D722EE55	30733009	FC611D98	4D9A5190	740011DD	3E152463
545222358	B98B2039	5500C3DB	C9CA4EA4	B667B7D5	944D3927	3BE7CB7B	D1B9D7BC	773DFEAF	57C6A521	7D949AB5	34DEE842	?	E97B2867	86B029B1	DB3EB81D	C680D57F	DDCE02E6	ABDFA223	6D7609A0
545222363	026BED66	D77569FC	63F071F2	BE72C72A	E430E4B5	021FB47B	949B84B3	50C7DBF5	499C4281	3F6CB519	B33EA980	?	549B20D7	363D650E	86084032	90A08D65	6E02B43C	E3BE326A	9CD7EEDD
545222369	8D107D35	DA67FE23	E9B8691C	61B2A65E	440C7F5F	232F65AE	E4DEBAA9	55D318B0	9F04CC29	28096E5F	4AE45E31	?	6EC2E490	6F4E7917	1FC916B0	4FF9D079	E7DAEF70	59FD45F2	3C18CEBF
545222374	D5F04A62	5CDCA443	83DE8C6A	69BDB5B3	93EE2AED	E9674EAE	A7C067A0	2F5EF5F7	90DA6989	E9E188C3	C9441F6F	?	D9E2DD00	1EDCB473	CA949EC5	1A188860	780FA0C6	91DCD639	6B79B3FC
545222379	1ED0178F	DF514A64	1E05AFB7	71C7C508	E3D1D67B	AF9F37AE	6AA31497	08E8D33D	82B106EA	ABB9A328	47A3E0AD	?	4502D570	CE69EFD0	755F26D9	E4384046	0843521C	C9BA6680	9ADA9939
545222384	67AFE4BC	61C5F084	B82BD305	79D2D45E	33B38208	75D720AE	2D85C18E	E272B084	7487A44A	6D91BD8C	C603A1EA	?	B022CDE0	7DF72B2C	202AAEED	AE57F82D	98770372	0199F6C7	CA3A7E76
545222389	B08FB1E9	E43A96A5	5251F653	81DCE3B3	83952D96	3C0F09AD	F0676E85	BBFD8DCA	665D41AB	2F69D7F1	44626328	?	1B42C650	2D856689	CAF53702	7877B013	28ABB4C8	3978870E	F99B63B3
545222394	F96E7F16	66AF3CC5	EC7819A1	89E7F308	D377D924	0247F2AD	B3491B7D	95876B11	5834DF0C	F142F255	C2C22466	?	8662BEC0	DD12A1E6	75C0BF16	429667F9	B8DF661E	71571754	28FC48F0
545222399	424E4C44	E923E2E5	869E3CEE	91F2025E	235A84B2	C87FDBAD	762CC874	6F114858	4A0A7C6C	B31A0CBA	4122E5A4	?	F182B72F	8CA0DD42	208B472A	0CB61FE0	49131774	A936A79B	585D2E2D
545222404	8B2D1971	6B988906	20C5603C	99FC11B3	733C3040	8EB7C4AD	390E756B	489B259E	3BE019CD	74F2271E	BF81A6E2	?	5CA2AF9F	3C2E189F	CB56CF3F	D6D5D7C6	D948C8CA	E11537E2	87BE136A
545222409	D40DE69E	EE0D2F26	BAEB838A	A2072108	C31EDBCE	54EEADAD	FBF02262	222602E5	2DB6B72E	36CA4183	3DE16820	?	C7C3A80F	EBBC53FB	76205753	A0F58FAD	697C7A20	18F3C829	B71FF8A7
545222414	1CECB3CB	7081D547	5511A6D7	AA12305E	1301875C	1B2696AD	BED2CF59	FBB0E02B	1F8D548E	F8A25BE7	BC40295E	?	32E3A07F	9B498F58	20EBDF67	6B154793	F9B02B76	50D25870	E67FDDE4
545222419	65CC80F8	F2F67B67	EF38CA25	B21C3FB3	62E332E9	E15E7FAD	81B57C51	D53ABD72	1163F1EF	BA7A764C	3AA0EA9C	?	9E0398EF	4AD7CAB5	CBB6677B	3534FF79	89E4DCCC	88B1E8B6	15E0C320
545222424	AEAB4E25	756B2188	895EED73	BA274F09	B2C5DE77	A79668AD	44972948	AEC59AB8	03398F50	7C5290B0	B8FFABDA	?	0923915F	FA650611	7681EF90	FF54B760	1A188E22	C09078FD	4541A85D
545222429	F78B1B52	F7E0C7A8	238510C1	C2315E5E	02A88A05	6DCE51AD	0779D63F	884F77FF	F5102CB0	3E2BAB15	375F6D18	?	744389CF	A9F2416E	214C77A4	C9736F46	AA4D3F79	F86F0944	74A28D9A
545222434	406AE87F	7A546DC9	BDAB340E	CA3C6DB3	528A3593	34063AAD	CA5B8336	61D95545	E6E6CA11	0003C579	B5BF2E56	?	DF63823F	59807CCA	CC17FFB8	9393272D	3A81F0CF	304E998B	A40372D7
545222439	894AB5AC	FCC913E9	57D2575C	D2477D09	A26CE121	FA3E23AD	8D3E302D	3B63328C	D8BC6771	C1DBDFDD	341EEF93	?	4A837AAE	090EB827	76E287CD	5DB2DF13	CAB5A225	682C29D1	D3645814
545222444	D22982D9	7F3EBA0A	F1F87AAA	DA518C5E	F24E8CAF	C0760CAD	5020DD25	14EE0FD2	CA9304D2	83B3FA42	B27EB0D1	?	B5A3731E	B89BF384	21AD0FE1	27D296F9	5AE9537B	A00BBA18	02C43D51
545222449	1B095006	01B2602A	8C1E9DF7	E25C9BB3	4231383C	86AEF5AD	13028A1C	EE78ED19	BC69A233	458B14A6	30DD720F	?	20C36B8E	68292EE0	CC7897F5	F1F14EE0	EB1D04D1	D7EA4A5F	3225228E
545222454	63E81D33	8427064B	2645C145	EA67AB09	9213E3CA	4CE6DEAD	D5E43713	C802CA60	AE3F3F93	07632F0B	AF3D334D	?	8BE463FE	17B76A3D	7743200A	BC1106C6	7B51B627	0FC9DAA6	618607CB
545222459	ACC8EA60	069CAC6B	C06BE493	F271BA5E	E1F58F58	131EC7AD	98C6E40A	A18DA7A6	A016DCF4	C93B496F	2D9DF48B	?	F7045C6E	C745A599	220EA81E	8630BEAD	0B86677D	47A86AED	90E7ED08
545222464	F5A8B78D	8910528C	5A9207E1	FA7CC9B3	31D83AE6	D956B0AD	5BA99102	7B1784ED	91EC7A55	8B1363D4	ABFCB5C9	?	622454DE	76D2E0F6	CCD93032	50507693	9BBA18D3	7F87FB33	C048D245
545222469	3E8784BA	0B85F8AC	F4B82B2E	0286D909	81BAE674	9F8E99AD	1E8B3DF9	54A16233	83C217B5	4CEC7E38	2A5C7707	?	CD444D4E	26601C53	77A4B847	1A6F2E79	2BEECA29	B7668B7A	EFA9B782
545222474	876751E7	8DFA9ECD	8EDE4E7C	0A91E85E	D19C9202	65C682AC	E16DEAF0	2E2B3F7A	7599B516	0EC4989D	A8BB3845	?	386445BD	D5EE57AF	226F405B	E48FE660	BC227B7F	EF441BC1	1F0A9CBF
545222479	D0461F14	106E44ED	290571CA	129CF7B3	217E3D90	2BFE6BAC	A44F97E7	07B61CC0	676F5276	D09CB301	271BF983	?	A3843E2D	857B930C	CD3AC86F	AEAF9E46	4C562CD5	2723AC08	4E6A81FB
545222484	1926EC41	92E3EB0E	C32B9517	1AA60709	7161E91D	F23654AC	673244DE	E140FA07	5945EFD7	9274CD66	A57BBAC1	?	0EA4369D	3509CE68	78055084	78CE562D	DC8ADE2B	5F023C4F	7DCB6738
545222489	6205B96E	1558912E	5D52B865	22B1165E	C14394AB	B86E3DAC	2A14F1D6	BACAD74D	4B1C8D38	544CE7CA	23DA7BFF	?	79C42F0D	E49709C5	22D0D898	42EE0E13	6CBF8F81	96E1CC95	AD2C4C75
545222494	AAE5869B	97CC374F	F778DBB3	2ABC25B4	11254039	7EA626AC	ECF69ECD	9455B494	3CF22A98	1624022F	A23A3D3C	?	E4E4277D	94244522	CD9B60AC	0D0DC5F9	FCF340D7	CEC05CDC	DC8D31B2
545222499	F3C453C8	1A41DD6F	919EFF01	32C63509	6108EBC7	44DE0FAC	AFD84BC4	6DDF91DA	2EC8C7F9	D7FC1C93	2099FE7A	?	50051FED	43B2807E	7866E8C0	D72D7DE0	8D27F22D	069FED23	0BEE16EF
545222504	3CA420F5	9CB68390	2BC5224E	3AD1445E	B0EA9755	0B16F8AC	72BBF8BB	47696F21	209F655A	99D536F8	9EF9BFB8	?	BB25185D	F340BBDB	233170D5	A14C35C6	1D5BA383	3E7D7D6A	3B4FFC2C
545222510	C74AB0C4	9FA817B7	B18D1978	DE112391	10C631FF	2C26A9DF	C2FD2EB1	4C76ABDC	7606EF01	8272F03D	369F7469	?	D54BDC16	2C50CFE3	BCF14754	60A578DB	9733DEB7	B4BC90F2	DA90DC0F
545222515	10297DF1	221DBDD7	4BB33CC6	E61B32E7	60A9DD8D	F25E92DF	85E0DBA8	26008923	67DD8C61	444A0AA2	B4FE35A7	?	406BD486	DBDE0B40	67BCCF68	2AC530C1	2768900E	EC9B2139	09F0C14C
545222520	59094B1E	A49263F8	E5D96014	EE26423C	B08B891B	B8967BDF	48C2889F	FF8A6669	59B329C2	06222506	335EF6E5	?	AB8BCCF6	8B6C469D	1287577C	F4E4E8A8	B79C4164	247AB17F	3951A689
545222525	A1E8184C	27060A18	80008362	F6315192	006D34A9	7ECE64DF	0BA43596	D91443B0	4B89C723	C7FA3F6A	B1BEB823	?	16ACC566	3AF981F9	BD52DF90	BF04A08E	47D0F2BA	5C5941C6	68B28BC6
545222530	EAC8E579	A97BB039	1A26A6AF	FE3B60E7	504FE036	45064DDF	CE86E28E	B29F20F6	3D5F6483	89D259CF	301D7961	?	81CCBDD6	EA87BD56	681D67A5	89235874	D804A410	9437D20D	98137102
545222535	33A7B2A6	2BF05659	B44DC9FD	0646703C	A0328BC4	0B3E36DF	91698F85	8C29FE3D	2F3601E4	4BAA7433	AE7D3A9F	?	ECECB645	9A15F8B2	12E8EFB9	5343105B	68385566	CC166254	C774563F
545222540	7C877FD3	AE64FC79	4E73ED4B	0E507F92	F0143752	D1761FDF	544B3C7C	65B3DB83	210C9F45	0D828E98	2CDCFBDC	?	580CAEB5	49A3340F	BDB377CD	1D62C841	F86C06BC	03F5F29B	F6D53B7C
545222545	C5664D00	30D9A29A	E8991098	165B8EE7	3FF6E2E0	97AE08DF	172DE973	3F3EB8CA	12E23CA5	CF5BA8FC	AB3CBD1A	?	C32CA725	F9306F6C	687EFFE2	E7828028	88A1B812	3BD482E1	263520B9
545222550	0E461A2D	B34E48BA	82C033E6	1E669E3C	8FD98E6E	5DE6F1DF	DA0F966A	18C89610	04B9DA06	9133C361	299C7E58	?	2E4C9F95	A8BEAAC8	134987F6	B1A2380E	18D56968	73B31328	559605F6
545222555	5725E75A	35C2EEDB	1CE65734	2670AD92	DFBB39FC	241EDADF	9CF24362	F2527357	F68F7766	530BDDC5	A7FB3F96	?	996C9805	584CE625	BE14100A	7BC1EFF4	A9091ABE	AB92A36F	84F7EB33
545222560	A005B487	B83794FB	B70D7A82	2E7BBCE7	2F9DE589	EA56C3DF	5FD4F059	CBDC509E	E86514C7	14E3F82A	265B00D4	?	048C9075	07D92181	68DF981F	45E1A7DB	393DCC14	E37133B6	B458D070
545222565	E8E481B4	3AAC3B1C	51339DCF	3686CC3C	7F809117	B08DACDF	22B69D50	A5672DE4	DA3CB228	D6BB128E	A4BAC212	?	6FAD88E5	B7675CDE	13A92033	10005FC1	C9717D6A	1B4FC3FD	E3B9B5AD
545222570	31C44EE1	BD20E13C	EB5AC11D	3E90DB92	CF623CA5	76C595DF	E5984A47	7EF10B2B	CC124F88	98932CF3	231A8350	?	DACD8155	66F5983B	BE74A847	DA2017A8	59A52EC0	532E5443	131A9AEA
545222575	7AA41C0E	3F95875D	8580E46B	469BEAE7	1F44E833	3CFD7EDE	A87BF73E	587BE871	BDE8ECE9	5A6B4757	A17A448E	?	45ED79C4	1682D397	693F305C	A43FCF8E	E9DAE016	8B0DE48A	427A8027
545222580	C383E93B	C20A2D7D	1FA607B8	4EA5FA3D	6F2693C1	033567DE	6B5DA436	3206C5B8	AFBF8A4A	1C4461BC	1FD905CC	?	B10D7234	C6100EF4	140AB870	6E5F8774	7A0E916C	C2EC74D1	71DB6564
545222585	0C63B668	447FD39E	B9CD2B06	56B00992	BF093F4F	C96D50DE	2E3F512D	0B90A2FE	A19527AA	DE1C7C20	9E39C70A	?	1C2D6AA4	759E4A50	BED54084	387E3F5B	0A4242C2	FACB0518	A13C4AA0
545222590	55428395	C6F379BE	53F34E54	5EBB18E7	0EEBEADD	8FA539DE	F121FE24	E51A8045	936BC50B	9FF49685	1C988848	?	874D6314	252C85AD	69A0C899	029EF741	9A76F418	32AA955E	D09D2FDD
545222595	9E2250C2	49681FDF	EE1A71A2	66C5283D	5ECD966A	55DD22DE	B404AB1B	BEA45D8B	8542626B	61CCB0E9	9AF84985	?	F26D5B84	D4B9C10A	146B50AD	CCBDAF28	2AAAA56E	6A8825A5	FFFE151A
545222600	E7011DEF	CBDDC5FF	884094EF	6ED03792	AEB041F8	1C150BDE	76E65813	982F3AD2	7718FFCC	23A4CB4E	19580AC3	?	5D8D53F4	8447FC66	BF36D8C1	96DD670E	BADE56C4	A267B5EC	2F5FFA57
545222605	2FE1EB1C	4E516C20	2266B83D	76DB46E7	FE92ED86	E24DF4DE	39C8050A	71B91818	68EE9D2D	E57CE5B2	97B7CC01	?	C8AD4C64	33D537C3	6A0160D5	60FC1EF4	4B13081B	DA464633	5EBFDF94
545222610	78C0B849	D0C61240	BC8DDB8B	7EE5563D	4E749914	A885DDDE	FCAAB201	4B43F55F	5AC53A8D	A7540017	16178D3F	?	33CE44D3	E362731F	14CCE8EA	2B1CD6DB	DB47B971	1225D67A	8E20C4D1
545222615	C1A08576	533BB861	56B3FED8	86F06592	9E5644A2	6EBDC6DE	BF8C5EF8	24CED2A5	4C9BD7EE	692D1A7B	94764E7D	?	9EEE3D43	92F0AE7C	BF9770FE	F53C8EC1	6B7B6AC7	4A0466C0	BD81AA0E
545222620	0A7F52A3	D5AF5E81	F0DA2226	8EFA74E7	EE39F030	34F5AFDE	826F0BEF	FE58AFEC	3E71754F	2B0534E0	12D60FBB	?	0A0E35B3	427EE9D9	6A62F912	BF5B46A8	FBAF1C1D	81E3F707	ECE28F4B
545222625	535F1FD0	582404A2	8B004574	9705843D	3E1B9BBD	FB2D98DE	4551B8E7	D7E28D33	304812AF	ECDD4F44	9135D0F9	?	752E2E23	F20B2535	152D8127	897BFE8E	8BE3CD73	B9C1874E	1C437488
545222630	9C3EECFD	DA99AAC2	252668C2	9F109392	8DFD474B	C16581DE	083365DE	B16C6A79	221EB010	AEB569A9	0F959237	?	E04E2693	A1996092	BFF8093B	539AB674	1C187EC9	F1A01795	4BA459C5
545222635	E51EBA2A	5D0D50E3	BF4D8C0F	A71AA2E7	DDE0F2D9	879D6ADE	CB1512D5	8AF747C0	13F44D70	708D840D	8DF55375	?	4B6E1F03	51279BEE	6AC3914F	1DBA6E5B	AC4C301F	297FA7DC	7B043F02
545222640	2DFD8757	DF82F703	5973AF5D	AF25B23D	2DC29E67	4DD553DE	8DF8BFCC	64812506	05CBEAD1	32659E72	0C5414B3	?	B68E1773	00B5D74B	158E1964	E7D92641	3C80E175	615E3822	AA65243F
545222645	76DD5484	61F79D24	F39AD2AB	B730C192	7DA449F5	140D3CDE	50DA6CC3	3E0B024D	F7A18832	F43DB8D6	8AB4D5F1	?	21AE0FE3	B04212A8	C059A178	B1F9DE28	CCB492CB	993DC869	D9C6097B
545222651	0183E454	64E9314B	7961C9D5	5A6FA0C5	DD81E49F	351DEE11	A11DA2B9	43183F08	4D0811D9	DCDA721B	225A8AA1	?	3BD5D39C	E95326B0	5A1977F7	7152213C	468CCDFF	0F7BDBF1	7907E95E
545222656	4A62B181	E75ED76B	1388ED23	627AB01B	2D63902D	FB55D711	63FF4FB0	1CA21C4E	3EDFAF3A	9EB28C80	A0B94BDF	?	A6F5CC0C	98E0620D	04E4000B	3B71D922	D6C07F55	475A6C38	A868CE9B
545222661	93427EAE	69D37D8C	ADAE1070	6A85BF70	7D453BBB	C18DC011	26E1FCA7	F62CF995	30B54C9A	608BA6E4	1F190D1D	?	1215C47C	486E9D69	AFAF881F	05919109	66F530AB	7F39FC7F	D7C9B3D8
545222666	DC214BDB	EC4723AC	47D533BE	728FCEC5	CD27E749	87C5A911	E9C3A99F	CFB6D6DB	228BE9FB	2263C149	9D79CE5B	?	7D35BCEC	F7FCD8C6	5A7A1034	CFB048EF	F729E201	B7188CC6	072A9915
545222671	25011908	6EBCC9CC	E1FB570C	7A9ADE1B	1D0A92D6	4DFD9211	ACA65696	A941B422	1462875B	E43BDBAD	1BD88F99	?	E855B55B	A78A1423	05459848	99D000D6	875D9357	EEF71D0C	368A7E52
545222676	6DE1E635	F1316FED	7C217A59	82A5ED70	6CEC3E64	14357B10	6F88038D	82CB9169	063824BC	A613F612	9A3850D7	?	5375ADCB	57174F7F	B010205C	63EFB8BC	179144AD	26D6AD53	65EB638F
545222681	B6C0B362	73A5160D	16489DA7	8AAFFCC6	BCCEE9F2	DA6D6410	326AB084	5C556EAF	F80EC21D	67EB1076	18971215	?	BE96A63B	06A58ADC	5ADBA871	2E0F70A2	A7C5F603	5EB53D9A	954C48CC
545222686	FFA0808F	F61ABC2E	B06EC0F5	92BA0C1B	0CB19580	A0A54D10	F54C5D7B	35E04BF6	E9E55F7D	29C32ADB	96F7D353	?	29B69EAB	B633C638	05A63085	F82F2889	37F9A759	9693CDE1	C4AD2E09
545222691	487F4DBC	788F624E	4A95E443	9AC41B70	5C93410E	66DD3610	B82F0A73	0F6A293C	DBBBFCDE	EB9B453F	15569491	?	94D6971B	65C00195	B071B899	C24EE06F	C82E58B0	CE725E28	F40E1346
545222696	915F1AE9	FB03086F	E4BB0790	A2CF2AC6	AC75EC9C	2D151F10	7B11B76A	E8F40683	CD919A3F	AD745FA4	93B655CE	?	FFF68F8B	154E3CF2	5B3C40AE	8C6E9856	58620A06	0651EE6E	236FF882
545222701	DA3EE816	7D78AE8F	7EE12ADE	AADA3A1B	FC58982A	F34D0810	3DF36461	C27EE3C9	BF68379F	6F4C7A08	1216170C	?	6B1687FB	C4DC784E	0607C8C2	568D503C	E896BB5C	3E307EB5	52CFDDBF
545222706	231EB543	FFED54B0	19084E2C	B2E44970	4C3A43B7	B985F110	00D51158	9C09C110	B13ED500	3124946D	9075D84A	?	D636806A	7469B3AB	B0D250D6	20AD0822	78CA6CB2	760F0EFC	8230C2FC
545222711	6BFD8270	8261FAD0	B32E7179	BAEF58C6	9C1CEF45	7FBDDA10	C3B8BE4F	75939E56	A3147260	F2FCAED1	0ED59988	?	415678DA	23F7EF07	5B9DD8EA	EACCC009	08FE1E08	ADEE9F43	B191A839
545222716	B4DD4F9D	04D6A0F1	4D5594C7	C2FA681B	EBFE9AD3	45F4C310	869A6B47	4F1D7B9D	94EB0FC1	B4D4C936	8D345AC6	?	AC76714A	D3852A64	066860FF	B4EC77EF	9933CF5E	E5CC2F8A	E0F28D76
545222721	FDBC1CCA	874B4711	E77BB815	CB047770	3BE14661	0C2CAC10	497C183E	28A858E3	86C1AD22	76ACE39A	0B941C04	?	179769BA	831365C1	B132E913	7F0B2FD6	296780B4	1DABBFD0	105372B3
545222726	469CE9F7	09BFED32	81A2DB63	D30F86C6	8BC3F1EF	D2649510	0C5EC535	0232362A	78974A82	3884FDFF	89F4DD42	?	82B7622A	32A0A11D	5BFD7127	492BE7BC	B99B320A	558A5017	3FB457F0
545222731	8F7BB724	8C349352	1BC8FEB0	DB19961B	DBA59D7D	989C7E10	CF41722C	DBBC1371	6A6EE7E3	FA5D1863	08539E80	?	EDD75A9A	E22EDC7A	06C8F93C	134A9FA2	49CFE360	8D69E05E	6F143D2D
545222736	D85B8451	0EA93973	B5EE21FE	E324A570	2B88490A	5ED46710	92231F24	B546F0B7	5C448544	BC3532C8	86B35FBE	?	58F7530A	91BC17D6	B1938150	DD6A5789	DA0394B6	C54870A5	9E75226A
545222741	213A517E	911DDF93	5015454C	EB2FB4C6	7B6AF498	250C5010	5505CC1B	8ED1CDFE	4E1A22A4	7E0D4D2C	051220FC	?	C4174B7A	41495333	5C5E0964	A7890F6F	6A37460C	FD2700EB	CDD607A7
545222746	6A1A1EAB	139285B4	EA3B6899	F339C41B	CB4CA026	EB443910	17E77912	685BAB44	3FF1C005	3FE56790	8372E23A	?	2F3743E9	F0D78E90	07299179	71A9C756	FA6CF762	35059132	FD37ECE4
545222751	B2F9EBD8	96072BD4	84628BE7	FB44D371	1B2E4BB4	B17C2210	DAC92609	41E5888B	31C75D66	01BD81F5	01D2A377	?	9A573C59	A065C9EC	B1F4198D	3BC97F3C	8AA0A8B8	6CE42179	2C98D220
545222756	FBD9B905	187CD1F5	1E88AF35	034FE2C6	6B11F742	77B40B10	9DACD300	1B7065D1	239DFAC6	C3959C59	803164B5	?	057734C9	4FF20549	5CBFA1A1	05E83722	1AD45A0E	A4C3B1C0	5BF9B75D
545222761	44B98632	9AF07815	B8AED283	0B59F21B	BAF3A2D0	3DECF40F	608E7FF8	F4FA4318	15749827	856DB6BE	FE9125F3	?	70972D39	FF8040A5	078A29B6	D008EF09	AB080B64	DCA24207	8B599C9A
545222766	8D98535F	1D651E36	52D5F5D0	13640171	0AD54E5E	0424DD0F	23702CEF	CE84205E	074A3587	4746D122	7CF0E731	?	DBB825A9	AF0E7C02	B255B1CA	9A27A6EF	3B3CBCBA	1481D24D	BABA81D7
545222771	D678208C	9FDAC456	ECFB191E	1B6E10C6	5AB8F9EB	CA5CC60F	E652D9E6	A80EFDA5	F920D2E8	091EEB87	FB50A86F	?	46D81E19	5E9CB75F	5D2039DE	64475ED6	CB706E10	4C606294	EA1B6714
545222776	1F57EDB9	224E6A77	87223C6C	2379201B	AA9AA579	9094AF0F	A93586DD	8199DAEB	EAF77049	CAF605EB	79B069AD	?	B1F81689	0E29F2BB	07EBC1F3	2E6616BC	5BA51F66	843FF2DB	197C4C51
545222781	6837BAE6	A4C31097	21485FBA	2B842F71	FA7C5107	56CC980F	6C1733D4	5B23B832	DCCD0DA9	8CCE2050	F80F2AEB	?	1D180EF8	BDB72E18	B2B64A07	F886CEA2	EBD9D0BD	BC1D8322	48DD318E
545222787	F2DD4AB6	A7B5A4BE	A71056E4	CEC40EA4	5A59EBB1	77DC4942	BC5A69CA	602FF4ED	32349750	756BD995	8FB5DF9C	?	373ED2B2	F6C74220	4C762086	B7DF11B7	65B10BF1	325C96AA	E81E1171
545222792	3BBC17E3	2A2A4ADF	41367A31	D6CE1DF9	AA3B973F	3E143242	7F3C16C1	39BAD234	240B34B1	3743F3FA	0E15A0DA	?	A25FCB22	A6557D7D	F741A89A	81FEC99D	F5E5BD47	6A3B26F1	177FF6AE
545222797	849CE510	AC9FF0FF	DB5D9D7F	DED92D4F	FA1D42CD	044C1B42	421EC3B8	1344AF7A	15E1D212	F91B0E5E	8C746217	?	0D7FC392	55E3B8DA	A20C30AE	4C1E8184	86196E9D	A21AB737	46DFDBEB
545222802	CD7BB23D	2F139720	7583C0CD	E6E33CA4	49FFEE5B	CA840442	050070B0	ECCE8CC1	07B76F72	BAF328C3	0AD42355	?	789FBC02	0571F436	4CD7B8C3	163D396A	164E1FF3	D9F9477E	7640C127
545222807	165B7F6A	B1883D40	0FA9E41A	EEEE4BF9	99E299E9	90BCED42	C7E31DA7	C6596A07	F98E0CD3	7CCB4327	8933E493	?	E3BFB471	B4FE2F93	F7A240D7	E05DF151	A682D149	11D7D7C5	A5A1A664
545222812	5F3A4C97	33FDE360	A9D00768	F6F95B4F	E9C44577	56F4D642	8AC5CA9E	9FE3474E	EB64AA34	3EA45D8C	0793A5D1	?	4EDFACE1	648C6AEF	A26DC8EB	AA7CA937	36B6829F	49B6680C	D5028BA1
545222817	A81A19C4	B6728981	43F62AB6	FF036AA4	39A6F104	1D2CBF42	4DA77795	796D2494	DD3A4794	007C77F0	85F3670F	?	B9FFA551	141AA64C	4D3850FF	749C611D	C6EA33F5	8195F853	046370DE
545222822	F0F9E6F1	38E62FA1	DE1D4E04	070E79F9	89899C92	E364A842	1089248C	52F701DB	CF11E4F5	C2549255	0452284D	?	251F9DC1	C3A7E1A9	F803D914	3EBC1904	571EE54B	B9748899	33C4561B
545222827	39D9B41E	BB5BD5C2	78437151	0F19894F	D96B4820	A99C9142	D36CD184	2C82DF21	C0E78255	842CACB9	82B2E98B	?	903F9631	73351D05	A2CE6128	08DBD0EA	E75296A1	F15318E0	63243B58
545222832	82B8814B	3DD07BE2	1269949F	172398A4	294DF3AE	6FD47A42	964E7E7B	060CBC68	B2BD1FB6	4604C71E	0111AAC9	?	FB5F8EA1	22C35862	4D99E93C	D2FB88D1	778747F7	2932A927	92852095
545222837	CB984E78	C0442203	AC90B7ED	1F2EA7FA	79309F3C	360C6342	59302B72	DF9699AE	A494BD17	07DCE182	7F716C07	?	66808711	D25093BE	F8647151	9D1A40B7	07BBF94D	6110396E	C1E605D2
545222842	14771BA5	42B9C823	46B6DB3A	2738B74F	C9124ACA	FC444C42	1C12D869	B92176F5	966A5A77	C9B4FBE6	FDD12D45	?	D1A07F80	81DECF1B	A32FF965	673AF89D	97EFAAA3	98EFC9B5	F147EB0F
545222847	5D57E8D2	C52E6E44	E0DDFE88	2F43C6A4	18F4F657	C27C3542	DEF58560	92AB543C	8840F7D8	8B8D164B	7C30EE83	?	3CC077F0	316C0A78	4DFA8179	3159B084	28235BF9	D0CE59FB	20A8D04C
545222852	A636B5FF	47A21464	7B0321D6	374ED5FA	68D6A1E5	88B41E42	A1D73258	6C353182	7A179539	4D6530AF	FA90AFC0	?	A7E07060	E0FA45D4	F8C5098E	FB79686A	B8570D4F	08ADEA42	5009B589
545222857	EF16832C	CA17BA85	15294524	3F58E54F	B8B94D73	4EEC0742	64B9DF4F	45BF0EC9	6BED3299	0F3D4B14	78EF70FE	?	130068D0	90878131	A39091A2	C5982051	488BBEA5	408C7A89	7F699AC5
545222862	37F55059	4C8C60A5	AF506871	4763F4A4	089BF901	1524F041	279B8C46	1F4AEC0F	5DC3CFFA	D1156578	F74F323C	?	7E206140	4015BC8D	4E5B19B6	8FB8D837	D8C06FFB	786B0AD0	AECA8002
545222867	80D51D86	CF0006C6	49768BBF	4F6E03FA	587DA48F	DB5CD941	EA7E393D	F8D4C956	4F9A6D5B	92ED7FDD	75AFF37A	?	E94059B0	EFA3F7EA	F926A1CB	59D7901D	68F42152	B04A9B17	DE2B653F
545222872	C9B5EAB3	5175ACE6	E39DAF0D	5778134F	A860501D	A193C241	AD60E635	D25EA69C	41700ABB	54C59A41	F40EB4B8	?	54605220	9F303347	A3F129DF	23F74804	F928D2A8	E8282B5D	0D8C4A7C
545222877	1294B7E0	D3EA5307	7DC3D25A	5F8322A4	F842FBAB	67CBAB41	7042932C	ABE983E3	3346A81C	169DB4A6	726E75F6	?	BF814A90	4EBE6EA3	4EBBB1F3	EE16FFEA	895C83FE	2007BBA4	3CED2FB9
545222882	5B74850D	565EF927	17EAF5A8	678D31FA	4824A738	2E039441	33244023	85736129	251D457C	D876CF0A	F0CD3734	?	2AA142FF	FE4CAA00	F9863A08	B836B7D1	19903554	57E64BEB	6C4E14F6
545222887	A453523A	D8D39F48	B21018F6	6F98414F	980652C6	F43B7D41	F607ED1A	5EFD3E70	16F3E2DD	9A4EE96F	6F2DF872	?	95C13B6F	ADDAE55C	A451C21C	82566FB7	A9C4E6AA	8FC5DC32	9BAEFA33
545222892	ED331F67	5B484568	4C363C44	77A350A4	E7E9FE54	BA736641	B8E99A11	38871BB6	08C9803E	5C2603D3	ED8CB9B0	?	00E133DF	5D6720B9	4F1C4A30	4C75279D	39F99800	C7A46C78	CB0FDF70
545222897	3612EC94	DDBCEB89	E65D5F91	7FAD5FFA	37CBA9E2	80AB4F41	7BCB4709	1212F8FD	FA9F1D9E	1DFE1E38	6BEC7AEE	?	6C012C4F	0CF55C15	F9E7D244	1695DF84	CA2D4956	FF83FCBF	FA70C4AD
545222902	7EF2B9C1	603191A9	808382DF	87B86F4F	87AD5570	46E33841	3EADF400	EB9CD644	EC76BAFF	DFD6389C	EA4C3C2C	?	D72124BF	BC839772	A4B25A59	E0B4976A	5A61FAAC	37618D06	29D1A9EA
545222907	C7D186EE	E2A637CA	1AAAA62D	8FC27EA5	D79000FE	0D1B2141	018FA0F7	C526B38A	DE4C5860	A1AE5301	68ABFD69	?	42411D2F	6C10D2CF	4F7DE26D	AAD44F51	EA95AC02	6F401D4D	59328F27
545222912	10B1541B	651BDDEA	B4D0C97B	97CD8DFA	2772AC8B	D3530A41	C4724DEE	9EB190D1	D022F5C0	63866D65	E70BBEA7	?	AD61159F	1B9E0E2B	FA486A81	74F30737	7AC95D58	A71FAD94	88937464
545222917	59902148	E78F840B	4EF6ECC8	9FD89D4F	77545819	998BF341	8754FAE5	783B6E17	C1F99321	255F87CA	656A7FE5	?	18810E0E	CB2C4988	A513F296	3F13BF1D	0AFE0EAE	DEFE3DDA	B7F359A0
545222922	A270EE75	6A042A2B	E91D1016	A7E2ACA5	C73703A7	5FC3DC41	4A36A7DD	51C54B5E	B3CF3081	E737A22E	E3CA4123	?	83A2067E	7AB984E4	4FDE7AAA	09327704	9B32C004	16DDCE21	E7543EDD
545222928	2D167E45	6CF6BE52	6EE50740	4B228BD8	27139E51	80D38D74	9A79DDD2	56D18819	0937BA29	CFD45B73	7B70F5D4	?	9DC8CA38	B3CA98ED	E99E5129	C88BBA18	150AFB38	8D1BE1A9	86951EC0
545222933	75F54B72	EF6B6473	090B2A8E	532D9B2D	76F549DF	470B7674	5D5B8AC9	305C655F	FB0D5789	91AC75D8	F9D0B712	?	08E8C2A8	6358D44A	9469D93D	92AB71FF	A53EAC8E	C4FA71F0	B5F603FD
545222938	BED5189F	71E00A93	A3314DDB	5B38AA83	C6D7F56D	0D435F74	203D37C1	09E642A6	ECE3F4EA	5384903C	782F7850	?	7408BB18	12E50FA6	3F346151	5CCA29E5	35725DE4	FCD90237	E557E93A
545222943	07B4E5CC	F454B0B4	3D587129	6342B9D8	16BAA0FB	D37B4874	E320E4B8	E3701FEC	DEBA924B	155CAAA1	F68F398E	?	DF28B387	C2734B03	E9FFE966	26EAE1CB	C5A60F3A	34B8927E	14B8CE77
545222948	5094B2F9	76C956D4	D77E9477	6B4DC92D	669C4C89	99B33174	A60291AF	BCFBFD33	D0902FAB	D734C505	74EEFACC	?	4A49ABF7	72018660	94CA717A	F10999B2	55DBC090	6C9722C5	4419B3B4
545222953	99738026	F93EFCF4	71A5B7C5	7357D883	B67EF817	5FEB1A74	68E43EA6	9685DA79	C266CD0C	990CDF6A	F34EBC09	?	B569A467	218EC1BC	3F95F98E	BB295198	E60F71E6	A476B30B	737998F1
545222958	E2534D53	7BB2A315	0BCBDB12	7B62E7D8	0661A3A4	26230374	2BC6EB9D	700FB7C0	B43D6A6C	5AE5F9CE	71AD7D47	?	20899CD7	D11CFD19	EA6081A3	8549097F	7643233D	DC544352	A2DA7E2E
545222963	2B321A80	FE274935	A5F1FE60	836DF72D	56434F32	EC5BEC73	EEA99895	49999507	A61307CD	1CBD1433	F00D3E85	?	8BA99547	80AA3875	952B09B7	4F68C165	0677D493	1433D399	D23B636B
545222968	7412E7AD	809CEF56	401821AE	8B770683	A625FAC0	B293D573	B18B458C	2324724D	97E9A52E	DE952E97	6E6DFFC3	?	F6C98DB7	303773D2	3FF691CB	1988794B	96AB85E9	4C1263E0	019C48A7
545222973	BCF1B4DA	03119576	DA3E44FB	938215D8	F608A64E	78CBBE73	746DF283	FCAE4F94	89C0428E	A06D48FC	ECCCC101	?	61E98627	DFC5AF2F	EAC119E0	E3A73132	26DF373F	83F1F426	30FD2DE4
545222978	05D18207	85853B97	74656849	9B8C252D	45EA51DC	3F03A773	374F9F7A	D6382CDA	7B96DFEF	62456360	6B2C823F	?	CD097E96	8F53EA8B	958CA1F4	ADC7E918	B714E895	BBD0846D	605E1321
545222983	4EB14F34	07FAE1B7	0E8B8B97	A3973483	95CCFD6A	053B9073	FA324C71	AFC30A21	6D6C7D50	241D7DC5	E98B437D	?	38297706	3EE125E8	40572A08	77E6A0FF	474899EB	F3AF14B4	8FBEF85E
545222988	97901C61	8A6F87D8	A8B1AEE5	ABA243D8	E5AEA8F8	CB737973	BD14F969	894DE767	5F431AB0	E5F59829	67EB04BB	?	A3496F76	EE6E6144	EB22B21D	420658E5	D77C4B41	2B8EA4FB	BF1FDD9B
545222993	E070E98E	0CE32DF8	42D8D232	B3AC532D	35915485	91AB6273	7FF6A660	62D7C4AE	5119B811	A7CDB28E	E64BC5F9	?	0E6A67E6	9DFC9CA1	95ED3A31	0C2510CB	67B0FC97	636C3542	EE80C2D8
545222998	294FB6BB	8F58D419	DCFEF580	BBB76283	85730013	57E34B73	42D85357	3C61A1F4	42EF5571	69A6CCF2	64AA8737	?	798A6056	4D8AD7FE	40B8C245	D645C8B2	F7E4ADED	9B4BC588	1DE1A815
545223003	722F83E8	11CD7A39	772518CE	C3C271D8	D555ABA1	1E1B3473	05BB004E	15EC7F3B	34C6F2D2	2B7EE757	E30A4875	?	E4AA58C6	FD17135A	EB834A59	A0648098	88195F43	D32A55CF	4D428D52
545223008	BB0E5115	9441205A	114B3C1C	CBCC812E	2538572F	E4531D73	C89DAD46	EF765C81	269C9033	ED5601BB	616909B2	?	4FCA5136	ACA54EB7	964ED26E	6A84387F	184D1099	0B09E616	7CA3728F
545223013	03EE1E42	16B6C67A	AB725F69	D3D79083	751A02BD	AA8B0673	8B7F5A3D	C90039C8	18722D93	AF2E1C20	DFC9CAF0	?	BAEA49A6	5C338A13	41195A82	34A3F065	A881C1EF	42E8765D	AC0357CC
545223018	4CCDEB6F	992B6C9B	459882B7	DBE19FD8	C4FCAE4B	70C3EF73	4E610734	A28B170F	0A48CAF4	71063684	5E298C2E	?	260A4215	0BC1C570	EBE4E296	FEC3A84B	38B57345	7AC706A4	DB643D09
545223023	95ADB89C	1B9F12BB	DFBEA605	E3ECAF2E	14DE59D8	36FAD873	1144B42B	7C15F455	FC1F6855	32DE50E9	DC884D6C	?	912A3A85	BB4E00CC	96AF6AAB	C8E36032	C8E9249B	B2A596EA	0AC52245
545223028	DE8C85C9	9E14B8DC	79E5C952	EBF7BE83	64C10566	FD32C173	D4266122	559FD19C	EDF505B5	F4B66B4D	5AE80EAA	?	FC4A32F5	6ADC3C29	417AF2BF	93021818	591DD5F1	EA842731	3A260782
545223033	276C52F6	20895EFC	140BECA0	F401CDD8	B4A3B0F4	C36AAA73	97080E1A	2F29AEE2	DFCBA316	B68F85B2	D947CFE8	?	676B2B65	1A6A7786	EC447AD3	5D22CFFF	E9528747	2263B778	6987ECBF
545223038	704B2023	A2FD051D	AE320FEE	FC0CDD2E	04855C82	89A29373	59EABB11	08B48C29	D1A24076	7867A016	57A79126	?	D28B23D5	C9F7B2E2	970F02E8	274187E5	7986389D	5A4247BF	98E8D1FC
545223043	B92BED50	2572AB3D	4858333C	0417EC83	54680810	4FDA7C73	1CCD6808	E23E696F	C378DDD7	3A3FBA7B	D6075264	?	3DAB1C45	7985EE3F	41DA8AFC	F1613FCB	09BAE9F4	9221D805	C848B739
545223048	020ABA7D	A7E7515E	E27E5689	0C21FBD8	A44AB39E	16126572	DFAF14FF	BBC846B6	B54E7B38	FC17D4DF	546613A2	?	A8CB14B5	2913299B	ECA51310	BB80F7B2	99EE9B4A	CA00684C	F7A99C76
545223053	4AEA87AA	2A5BF77E	7CA579D7	142C0B2E	F42C5F2C	DC4A4E72	A291C1F6	955323FC	A7251898	BDEFEF43	D2C6D4E0	?	13EB0D24	D8A064F8	97709B25	85A0AF98	2A224CA0	01DEF893	270A81B3
545223058	93CA54D7	ACD09D9F	16CB9D25	1C361A83	440E0AB9	A2823772	65736EEE	6EDD0143	98FBB5F9	7FC709A8	5125961E	?	7F0B0594	882EA055	423B2339	4FBF677F	BA56FDF6	39BD88DA	566B66F0
545223064	1E6FE4A7	AFC331C6	9C93944F	BF76F9B6	A3EBA564	C392E8A6	B5B6A4E3	73E93DFE	EE633FA0	6864C2ED	E8CB4ACE	?	9932C94E	C13FB45D	DBFCF9B8	0F18AA93	342F392A	AFFC9C62	F5AC46D3
545223069	674FB1D4	3237D7E6	36B9B79C	C781090C	F3CD50F1	89CAD1A5	789851DA	4D741B44	E039DD01	2A3CDD52	672B0C0C	?	0452C1BE	70CCEFBA	86C781CC	D938627A	C463EA80	E7DB2CA9	250D2C10
545223074	B02E7F01	B4AC7E07	D0E0DAEA	CF8C1861	43AFFC7F	5002BAA5	3B7AFED2	26FEF88B	D20F7A61	EC15F7B6	E58ACD4A	?	6F72BA2D	205A2B17	319209E0	A3571A60	54979BD6	1FBABCF0	546E114C
545223079	F90E4C2E	37212427	6B06FE38	D79627B6	9392A80D	163AA3A5	FE5DABC9	0088D5D2	C3E617C2	ADED121B	63EA8E88	?	DA92B29D	CFE86673	DC5C91F5	6D77D246	E4CB4D2C	57984D36	83CFF689
545223084	41ED195B	B995CA47	052D2186	DFA1370C	E374539B	DC728CA5	C13F58C0	DA12B318	B5BCB523	6FC52C7F	E24A4FC6	?	45B2AB0D	7F75A1D0	87271A09	37968A2D	74FFFE82	8F77DD7D	B32FDBC6
545223089	8ACDE688	3C0A7068	9F5344D3	E7AB4661	3356FF29	A2AA75A5	842105B7	B39D905F	A7925283	319D46E4	60A91104	?	B0D2A37D	2F03DD2C	31F2A21D	01B64213	0534AFD8	C7566DC4	E290C103
545223094	D3ADB3B5	BE7F1688	39796821	EFB655B7	8339AAB7	68E25EA5	4703B2AE	8D276DA5	9969EFE4	F3756148	DF09D242	?	1BF29BED	DE911889	DCBD2A32	CBD6F9FA	9568612E	FF35FE0B	11F1A640
545223099	1C8C80E2	40F3BCA9	D3A08B6F	F7C1650C	D31B5644	2F1A47A5	09E65FA6	66B14AEC	8B3F8D45	B54D7BAD	5D689380	?	8712945D	8E1F53E6	8788B246	95F5B1E0	259C1284	37148E52	41528B7D
545223104	656C4E0F	C36862C9	6DC6AEBD	FFCB7461	22FD01D2	F55230A5	CCC80C9D	403C2832	7D152AA5	77259611	DBC854BE	?	F2338CCD	3DAC8F42	32533A5A	601569C6	B5D0C3DA	6EF31E98	70B370BA
545223109	AE4B1B3C	45DD08EA	07EDD20A	07D683B7	72DFAD60	BB8A19A5	8FAAB994	19C60579	6EECC806	38FEB076	5A2815FB	?	5D53853D	ED3ACA9F	DD1EC26E	2A3421AD	46047530	A6D2AEDF	A01455F7
545223114	F72BE869	C851AF0A	A213F558	0FE1930C	C2C258EE	81C202A5	528C668B	F350E2BF	60C26566	FAD6CADA	D887D739	?	C8737DAC	9CC805FB	87E94A83	F454D993	D6382686	DEB03F26	CF743B34
545223119	400AB596	4AC6552B	3C3918A6	17EBA261	12A4047C	47FAEBA5	156F1382	CCDAC006	529802C7	BCAEE53F	56E79877	?	3393761C	4C554158	32B4D297	BE73917A	666DD7DC	168FCF6D	FED52071
545223124	88EA82C3	CD3BFB4B	D6603BF3	1FF6B1B7	6286B00A	0E32D4A5	D851C07A	A6659D4C	446FA028	7E86FFA3	D54659B5	?	9EB36E8C	FBE37CB4	DD7F5AAB	88934960	F6A18932	4E6E5FB3	2E3605AE
545223129	D1C94FF0	4FB0A16C	70865F41	2800C10C	B2695B98	D46ABDA5	9B336D71	7FEF7A93	36453D88	405E1A08	53A61AF3	?	09D366FC	AB71B811	884AE2C0	52B20146	86D53A88	864DEFFA	5D97EAEA
545223134	1AA91D1D	D224478C	0AAD828F	300BD061	024B0725	9AA2A6A5	5E151A68	597957DA	281BDAE9	0236346C	D205DC31	?	74F35F6C	5AFEF36E	33156AD4	1CD2B92D	1709EBDF	BE2C8041	8CF8D027
545223139	6388EA4A	5499EDAD	A4D3A5DD	3816DFB7	522DB2B3	60DA8FA5	20F8C75F	33043520	19F1784A	C40E4ED1	50659D6F	?	E01357DC	0A8C2ECA	DDE0F2E8	E6F17113	A73D9D35	F60B1088	BC59B564
545223144	AC68B777	D70E93CD	3EF9C92A	4020EF0C	A2105E41	271278A5	E3DA7457	0C8E1267	0BC815AA	85E76935	CEC55EAD	?	4B33504C	BA1A6A27	88AB7AFD	B11128FA	37714E8B	2DE9A0CF	EBB99AA1
545223149	F54784A4	598239EE	D920EC78	482BFE61	F1F209CF	ED4A61A5	A6BC214E	E618EFAD	FD9EB30B	47BF8399	4D241FEB	?	B65448BB	69A8A583	33760311	7B30E0E0	C7A6FFE1	65C83115	1B1A7FDE
545223154	3E2751D1	DBF7E00E	73460FC6	50360DB7	41D4B55D	B3824AA4	699ECE45	BFA2CCF4	EF74506B	09979DFE	CB84E129	?	2174412B	1935E0E0	DE418B25	455098C6	57DAB137	9DA7C15C	4A7B651B
545223159	87061EFE	5E6C862F	0D6D3313	58401D0C	91B660EB	79BA33A4	2C817B3C	992DAA3A	E14BEDCC	CB6FB862	49E3A267	?	8C94399B	C8C31C3D	890C133A	0F7050AD	E80E628D	D58651A3	79DC4A58
545223164	CFE6EC2B	E0E02C4F	A7935661	604B2C62	E1990C78	3FF21CA4	EF632833	72B78781	D3218B2D	8D47D2C7	C84363A4	?	F7B4320B	78515799	33D79B4E	D98F0893	784213E3	0D65E1EA	A93D2F95
545223169	18C6B958	6355D270	41BA79AF	68553BB7	317BB806	062A05A4	B245D52B	4C4164C7	C4F7288D	4F1FED2B	46A324E2	?	62D42A7B	27DE92F6	DEA22362	A3AFC07A	0876C539	45447231	D89E14D2
545223174	61A58685	E5CA7890	DBE09CFD	70604B0C	815D6394	CC62EEA4	75278222	25CC420E	B6CEC5EE	10F70790	C502E620	?	CDF422EB	D76CCE52	896DAB77	6DCE7860	98AA768F	7D230277	07FEFA0F
545223179	AA8553B2	683E1EB1	7606C04A	786B5A62	D1400F22	9299D7A4	380A2F19	FF561F54	A8A4634F	D2CF21F4	4362A75E	?	39141B5B	86FA09AF	3438338B	37EE3046	28DF27E5	B50192BE	375FDF4C
545223184	F36420DF	EAB3C4D1	102DE398	807569B7	2122BAB0	58D1C0A4	FAECDC10	D8E0FC9B	9A7A00AF	94A83C59	C1C1689C	?	A43413CB	3687450C	DF03BB9F	020DE82D	B913D93B	ECE02305	66C0C489
545223189	3C44EE0C	6D286AF2	AA5306E6	8880790C	7104663E	1F09A9A4	BDCE8907	B26AD9E2	8C519E10	568056BD	402129DA	?	0F550C3A	E6158068	89CD43B3	CC2DA013	49478A91	24BFB34C	9621A9C5
545223194	8523BB39	EF9C1112	447A2A33	908B8862	C0E611CC	E54192A4	80B035FF	8BF5B728	7E273B71	18587122	BE81EB18	?	7A7504AA	95A3BBC5	3498CBC8	964C57FA	D97B3BE7	5C9E4392	C5828F02
545223200	0FC94B09	F28FA539	CA41215D	33CA6795	20C3AC76	065143D7	D0F36BF4	9101F3E3	D38FC518	00F52A67	56279FC9	?	949BC864	CEB3CFCE	CE59A247	55A59B0E	5353771B	D2DC571B	64C36EE5
545223205	58A91836	75044B5A	646844AB	3BD576EA	70A55804	CC892CD7	93D518EB	6A8BD12A	C5656278	C2CD44CC	D4866107	?	FFBBC0D4	7E410B2A	79242A5B	1FC552F4	E3882871	0ABBE761	94245422
545223210	A188E563	F778F17A	FE8E67F9	43E08640	C0870391	92C115D7	56B7C5E3	4416AE70	B73BFFD9	84A55F30	52E62244	?	6ADBB943	2DCF4687	23EFB26F	E9E40ADB	73BCD9C7	429A77A8	C384395F
545223215	EA68B290	79ED979B	98B58B47	4BEA9595	106AAF1F	58F9FED7	199A72DA	1DA08BB7	A9129D3A	467D7995	D145E382	?	D5FCB1B3	DD5C81E3	CEBA3A83	B404C2C1	03F08B1D	7A7907EF	F2E51E9C
545223220	33477FBD	FC623DBB	32DBAE94	53F5A4EA	604C5AAD	1F31E7D7	DC7C1FD1	F72A68FD	9AE83A9A	085593F9	4FA5A4C0	?	411CAA23	8CEABD40	7985C298	7E237AA8	94243C74	B2589836	224603D9
545223225	7C274CEA	7ED6E3DB	CD01D1E2	5C00B440	B02E063B	E569D0D7	9F5ECCC8	D0B44644	8CBED7FB	CA2EAE5E	CE0465FE	?	AC3CA293	3C78F89D	24504AAC	4843328E	2458EDCA	EA37287D	51A7E916
545223230	C5061A17	014B89FC	6728F530	640AC395	0011B1C9	ABA1B9D7	624079BF	AA3F238A	7E95755B	8C06C8C2	4C64273C	?	175C9B03	EC0633F9	CF1BD2C0	1263EA74	B48C9F20	2216B8C3	8108CE53
545223235	0DE6E744	83C0301C	014E187E	6C15D2EA	4FF35D57	71D9A2D7	252326B7	83C900D1	706B12BC	4DDEE326	CAC4E87A	?	827C9373	9B936F56	79E55AD5	DC82A25B	44C15076	59F4490A	B069B390
545223240	56C5B471	0634D63D	9B753BCB	741FE240	9FD508E5	38118BD7	E805D3AE	5D53DE17	6241B01D	0FB6FD8B	4923A9B8	?	ED9C8BE3	4B21AAB2	24B0E2E9	A6A25A41	D4F501CC	91D3D951	DFC998CC
545223245	9FA5819E	88A97C5D	359B5F19	7C2AF195	EFB7B472	FE4974D7	AAE780A5	36DEBB5E	54174D7D	D18E17EF	C7836AF6	?	58BC8453	FAAFE60F	CF7B6AFD	70C11228	6529B322	C9B26998	0F2A7E09
545223250	E8844ECB	0B1E227E	CFC18267	843500EA	3F9A6000	C4815DD7	6DC92D9C	106898A5	45EEEADE	93663254	45E22C34	?	C3DC7CC2	AA3C216B	7A46F312	3AE1CA0E	F55D6478	0191F9DF	3E8B6346
545223255	31641BF8	8D92C89E	69E8A5B4	8C3F1040	8F7C0B8E	8AB946D6	30ACDA93	E9F275EB	37C4883F	553E4CB8	C442ED72	?	2EFC7532	59CA5CC8	25117B26	050081F4	859115CE	39708A25	6DEC4883
545223260	7A43E925	10076EBF	040EC902	944A1F95	DF5EB71C	50F12FD6	F38E878B	C37C5332	299A259F	1717671D	42A2AEB0	?	9A1D6DA2	09589825	CFDC033A	CF2039DB	15C5C724	714F1A6C	9D4D2DC0
545223265	C323B652	927C14DF	9E35EC50	9C552EEB	2F4162AA	172918D6	B6703482	9D073078	1B71C300	D8EF8181	C1016FED	?	053D6612	B8E5D381	7AA78B4F	993FF1C1	A5FA787A	A92DAAB3	CCAE12FD
545223270	0C02837F	14F0BB00	385B0F9E	A45F3E40	7F230E38	DD6101D6	7952E179	76910DBF	0D476061	9AC79BE6	3F61312B	?	705D5E82	68730EDE	25721363	635FA9A8	362E29D0	E10C3AFA	FC0EF83A
545223275	54E250AC	97656120	D28132EB	AC6A4D95	CF05B9C5	A399EAD6	3C358E70	501BEB05	FF1DFDC1	5C9FB64A	BDC0F269	?	DB7D56F2	18014A3A	D03D9B77	2D7E618E	C662DB26	18EBCB40	2B6FDD77
545223280	9DC21DD9	19DA0741	6CA85639	B4745CEB	1EE86553	69D1D3D6	FF173B67	29A6C84C	F0F49B22	1E77D0AF	3C20B3A7	?	469D4F62	C78F8597	7B08238C	F79E1974	56968C7C	50CA5B87	5AD0C2B4
545223285	E6A1EB06	9C4FAD61	06CE7987	BC7F6C40	6ECA10E1	3009BCD6	C1F9E85F	0330A592	E2CA3882	E04FEB13	BA8074E5	?	B1BD47D1	771CC0F4	25D3ABA0	C1BDD15B	E6CA3DD2	88A9EBCE	8A31A7F1
545223290	2F81B833	1EC35382	A0F59CD4	C48A7B95	BEACBC6F	F641A5D6	84DB9556	DCBA82D9	D4A0D5E3	A2270578	38DF3623	?	1CDD4041	26AAFC50	D09E33B4	8BDD8941	76FFEF28	C0887C15	B9928D2E
545223295	78608560	A138F9A2	3B1BC022	CC948AEB	0E8E67FD	BC798ED6	47BE424D	B644601F	C6777344	64001FDC	B73FF761	?	87FD38B1	D63837AD	7B69BBC8	55FD4128	0733A07E	F8670C5C	E8F3726A
545223300	C140528D	23AD9FC3	D542E370	D49F9A40	5E71138B	82B177D6	0AA0EF44	8FCF3D66	B84D10A4	25D83A41	359EB89F	?	F31D3121	85C57309	263443DD	201CF90E	976751D4	30459CA2	185357A7
545223305	0A1F1FBA	A62145E3	6F6806BE	DCAAA995	AE53BF19	48E960D6	CD829C3C	69591AAD	AA23AE05	E7B054A5	B3FE79DD	?	5E3E2991	3553AE66	D0FFCBF1	EA3CB0F4	279B032A	68242CE9	47B43CE4
545223310	52FFECE7	2896EC04	098E2A0B	E4B4B8EB	FE356AA6	0F2149D6	90644933	42E3F7F3	9BFA4B66	A9886F0A	325E3B1B	?	C95E2201	E4E1E9C3	7BCA5405	B45B68DB	B7CFB481	A003BD30	77152221
545223315	9BDEBA14	AB0B9224	A3B54D59	ECBFC840	4E181634	D55932D6	5347F62A	1C6ED53A	8DD0E8C6	6B60896E	B0BDFC59	?	347E1A71	946E251F	2695DC1A	7E7B20C1	480365D7	D7E24D77	A676075E
545223320	E4BE8741	2D7F3845	3DDB70A7	F4C9D795	9DFAC1C2	9B911BD6	1629A321	F5F8B280	7FA68627	2D38A3D3	2F1DBD97	?	9F9E12E1	43FC607C	D160642E	489AD8A8	D838172D	0FC1DDBE	D5D7EC9B
545223325	2D9D546E	AFF4DE65	D80293F4	FCD4E6EB	EDDC6D50	61C904D6	D90B5018	CF828FC7	717D2387	EF10BE37	AD7C7ED4	?	0ABE0B50	F38A9BD8	7C2BEC42	12BA908E	686CC883	47A06E04	0538D1D8
545223330	767D219B	32698486	7228B742	04DFF640	3DBE18DE	2800EDD6	9BEDFD10	A90C6D0D	6353C0E8	B0E9D89C	2BDC4012	?	75DE03C0	A318D735	26F67457	DCD94874	F8A079D9	7F7EFE4B	3498B715
545223335	BF5CEEC8	B4DD2AA6	0C4EDA90	0CE90596	8DA1C46C	EE38D6D6	5ED0AA07	82974A54	55295E49	72C1F300	AA3B0150	?	E0FEFC30	52A51292	D1C1FC6B	A6F9005B	88D42B2F	B75D8E92	63F99C52
545223341	4A027E98	B7D0BECD	9216D1BA	B029E4C9	ED7D5F16	0F488809	AF12DFFC	87A3870F	AA91E7F0	5B5EAC45	41E1B601	?	FB25BFEA	8BB6269A	6B81D2EA	6652436F	02AC6663	2D9CA21A	033A7C35
545223346	92E24BC5	3A4464EE	2C3CF508	B834F41E	3D5F0AA4	D5807109	71F48CF4	612D6455	9C678550	1D36C6AA	C041773F	?	6645B859	3B4361F7	164C5AFE	3071FB56	92E017B9	657B3261	329B6171
545223351	DBC118F2	BCB90B0E	C6631855	C03E0374	8D42B632	9BB85A09	34D739EB	3AB8419C	8E3E22B1	DF0EE10E	3EA1387D	?	D165B0C9	EAD19D53	C117E312	FA91B33C	2315C90F	9D5AC2A8	61FC46AE
545223356	24A1E61F	3F2EB12E	60893BA3	C84912C9	DD2461BF	61F04308	F7B9E6E2	14421EE3	8014C012	A0E6FB73	BD00F9BB	?	3C85A939	9A5FD8B0	6BE26B27	C4B16B22	B3497A65	D53852EE	915D2BEB
545223361	6D80B34C	C1A3574F	FAB05EF1	D054221E	2D060D4D	28282C08	BA9B93D9	EDCCFC29	71EA5D72	62BE15D7	3B60BAF9	?	A7A5A1A9	49ED140D	16ADF33B	8ED02309	437D2BBB	0D17E335	C0BE1128
545223366	B6608079	4417FD6F	94D6823F	D85E3174	7CE9B8DB	EE601508	7D7D40D0	C757D970	63C0FAD3	2496303C	B9BF7C36	?	12C59A19	F97A4F69	C1787B4F	58F0DAEF	D3B1DD11	44F6737C	F01EF665
545223371	FF3F4DA6	C68CA390	2EFDA58C	E06940C9	CCCB6469	B498FE08	4060EDC8	A0E1B6B6	55979834	E66E4AA0	381F3D74	?	7DE59289	A9088AC6	6C430364	230F92D6	63E58E67	7CD503C3	1F7FDBA2
545223376	481F1AD3	490149B0	C923C8DA	E874501E	1CAD0FF7	7AD0E708	03429ABF	7A6B93FD	476D3594	A8476505	B67FFEB2	?	E9068AF9	5896C622	170E8B78	ED2F4ABC	F41A3FBD	B4B4940A	4EE0C0DF
545223381	90FEE800	CB75EFD1	6349EC28	F07E5F74	6C8FBB85	4108D008	C62447B6	53F57143	3943D2F5	6A1F7F69	34DEBFF0	?	54268369	0823017F	C1D9138C	B74E02A2	844EF113	EC932450	7E41A61C
545223386	D9DEB52D	4DEA95F1	FD700F75	F8896EC9	BC726712	0740B908	8906F4AD	2D804E8A	2B1A7056	2BF799CE	B33E812E	?	BF467BD8	B7B13CDC	6CA49BA1	816EBA89	1482A269	2471B497	ADA28B59
545223391	22BE825A	D05F3C12	979632C3	00937E1E	0C5412A0	CD78A208	4BE9A1A4	070A2BD0	1CF00DB6	EDCFB432	319D426C	?	2A667448	673F7838	176E23B5	4B8D726F	A4B653BF	5C5044DE	DD037096
545223396	6B9D4F87	52D3E232	31BD5611	089E8D74	5C36BE2E	93B08B08	0ECB4E9C	E0940917	0EC6AB17	AFA7CE97	AFFD03AA	?	95866CB8	16CCB395	C239ABC9	15AD2A56	34EA0516	942FD525	0C6355D3
545223401	B47D1CB4	D5488853	CBE3795F	10A99CC9	AC1969BC	59E87408	D1ADFB93	BA1FE65D	009D4877	717FE8FB	2E5CC4E8	?	00A66528	C65AEEF1	6D0433DD	DFCCE23C	C51EB66C	CC0E656C	3BC43B10
545223406	FD5CE9E1	57BD2E73	66099CAC	18B3AC1E	FBFB154A	20205D08	948FA88A	93A9C3A4	F273E5D8	33570360	ACBC8626	?	6BC65D98	75E82A4E	17CFBBF2	A9EC9A23	555367C2	03EDF5B2	6B25204C
545223411	463CB70E	DA31D494	0030BFFA	20BEBB74	4BDDC0D8	E6584608	57725581	6D33A0EA	E4498339	F5301DC4	2B1C4764	?	D6E65608	257665AB	C29A4406	740B5209	E5871918	3BCC85F9	9A860589
545223416	8F1B843B	5CA67AB4	9A56E348	28C9CAC9	9BC06C66	AC902F08	1A540278	46BD7E31	D6202099	B7083829	A97B08A2	?	42074E78	D503A107	6D65CC1A	3E2B09EF	75BBCA6E	73AB1640	C9E7EAC6
545223421	D7FB5168	DF1B20D5	347D0695	30D3DA1F	EBA217F3	72C81808	DD36AF70	20485B78	C7F6BDFA	78E0528D	27DBC9DF	?	AD2746E7	8491DC64	1830542F	084AC1D6	05EF7BC4	AB89A687	F948D003
545223426	20DA1E95	618FC6F5	CEA329E3	38DEE974	3B84C381	39000108	A0185C67	F9D238BE	B9CC5B5B	3AB86CF2	A63A8B1D	?	18473F57	341F17C0	C2FBDC43	D26A79BC	96232D1A	E36836CD	28A8B540
545223431	69BAEBC2	E4046D16	68C94D31	40E8F8C9	8B666F0F	FF38EA08	62FB095E	D35C1605	ABA3F8BB	FC908756	249A4C5B	?	836737C7	E3AC531D	6DC66457	9C8A31A3	2657DE70	1B47C714	58099A7D
545223436	B299B8EF	66791336	02F0707F	48F3081F	DB491A9D	C570D308	25DDB655	ACE7F34B	9D79961C	BE68A1BB	A2FA0D99	?	EE873037	933A8E7A	1891EC6C	66A9E989	B68C8FC6	5326575B	876A7FBA
545223441	FB79861C	E8EDB957	9D1693CC	50FE1774	2B2BC62B	8BA8BC07	E8BF634D	8671D092	8F4F337C	8040BC1F	2159CED7	?	59A728A7	42C8C9D6	C35C7480	30C9A16F	46C0411C	8B05E7A2	B6CB64F7
545223446	44585349	6B625F77	373DB71A	590826C9	7B0D71B9	51E0A507	ABA11044	5FFBADD8	8126D0DD	4219D684	9FB99015	?	C4C72117	F2550533	6E27FC94	FAE85956	D6F4F272	C2E477E9	E62C4A34
545223451	8D382076	EDD70598	D163DA68	6113361F	CAF01D46	18188E07	6E84BD3B	39858B1F	72FC6E3E	03F1F0E8	1E185153	?	2FE71987	A1E3408F	18F284A9	C508113C	6728A3C8	FAC2082F	158D2F71
545223456	D617EDA3	704CABB8	6B8AFDB5	691E4574	1AD2C8D4	DE507707	31666A32	13106865	64D20B9E	C5C90B4C	9C781291	?	9B0711F7	51717BEC	C3BD0CBD	8F27C923	F75C551E	32A19876	44ED14AE
545223461	1EF7BAD0	F2C051D9	05B02103	712854C9	6AB47462	A4886007	F4481729	EC9A45AC	56A9A8FF	87A125B1	1AD8D3CF	?	06280A66	00FFB749	6E8894D1	59478109	87910674	6A8028BD	744EF9EA
545223466	67D787FD	7535F7F9	9FD64451	7933641F	BA961FF0	6AC04907	B72AC421	C62422F2	487F4660	49794015	9937950D	?	714802D6	B08CF2A5	19531CE5	236638EF	17C5B7CA	A25FB904	A3AFDF27
545223471	B0B6552A	F7AA9E1A	39FD679F	813D7374	0A79CB7E	30F83207	7A0D7118	9FAF0039	3A55E3C0	0B515A7A	1797564B	?	DC68FB46	601A2E02	C41EA4FA	ED86F0D6	A7F96920	DA3E494B	D310C464
545223477	3B5CE4FA	FA9C3241	BFC45EC9	247D52A7	6A556628	5208E33A	CA4FA70D	A4BB3CF4	8FBD6D67	F3EE13BF	AF3D0AFB	?	F68EBF00	992A420A	5DDE7B79	ACDF33EA	21D1A454	507C5CD3	7251A447
545223482	843BB227	7D11D861	59EB8216	2C8861FD	BA3711B6	1840CC3A	8D315404	7E451A3B	81930AC8	B5C62E24	2D9CCC39	?	61AEB76F	48B87D67	08A9038D	76FEEBD1	B20555AA	885BED1A	A1B28984
545223487	CD1B7F54	FF857E82	F411A564	34937152	0A1ABD44	DE77B53A	501400FC	57CFF781	7369A829	779E4888	ABFC8D77	?	CCCFAFDF	F846B8C4	B3748BA1	411EA3B7	42390701	C03A7D60	D1136EC1
545223492	15FA4C81	81FA24A2	8E38C8B2	3C9D80A7	59FC68D2	A4AF9E3A	12F6ADF3	315AD4C8	65404589	397762ED	2A5B4EB5	?	37EFA84F	A7D4F420	5E3F13B6	0B3E5B9D	D26EB857	F8190DA7	007353FE
545223497	5EDA19AE	046FCAC2	285EEC00	44A88FFD	A9DE145F	6AE7873A	D5D85AEA	0AE4B20E	5716E2EA	FB4F7D51	A8BB0FF3	?	A30FA0BF	57612F7D	090A9BCA	D55D1384	62A269AD	2FF89DEE	2FD4393B
545223502	A7BAE6DB	86E370E3	C2850F4D	4CB29F52	F9C1BFED	311F703A	98BA07E1	E46E8F55	48EC804B	BD2797B6	271BD131	?	0E2F992F	06EF6AD9	B3D523DE	9F7DCB6A	F2D61B03	67D72E35	5F351E78
545223507	F099B408	09581703	5CAB329B	54BDAEA7	49A36B7B	F757593A	5B9DB4D9	BDF96C9B	3AC31DAB	7EFFB21A	A57A926F	?	794F919F	B67DA636	5EA0ABF2	699C8351	830ACC59	9FB5BE7B	8E9603B5
545223512	39798135	8BCDBD24	F6D155E9	5CC8BDFD	99851709	BD8F423A	1E7F61D0	978349E2	2C99BB0C	40D7CC7F	23DA53AD	?	E46F8A0F	660AE193	096B3407	33BC3B37	133E7DAF	D7944EC2	BDF7E8F1
545223517	82584E62	0E426344	90F87936	64D2CD52	E967C297	83C72B3A	E1610EC7	710D2728	1E6F586C	02AFE6E3	A23914EB	?	4F8F827F	15981CEF	B436BC1B	FDDBF31D	A3722F05	0F73DF09	ED58CE2E
545223522	CB381B8F	90B60965	2B1E9C84	6CDDDCA8	394A6E25	49FF143A	A443BBBE	4A97046F	1046F5CD	C4870148	2099D628	?	BAAF7AEE	C526584C	5F01442F	C7FBAB04	33A7E05B	47526F50	1CB8B36B
545223527	1417E8BC	132BAF85	C545BFD2	74E8EBFD	892C19B3	1037FD3A	672668B5	2422E1B6	021C932E	86601BAC	9EF99766	?	25CF735E	74B393A8	09CCCC44	921A62EA	C3DB91B1	7F31FF97	4C1998A8
545223532	5CF7B5E9	95A055A6	5F6BE320	7CF2FB52	D90EC540	D66FE63A	2A0815AD	FDACBEFC	F3F2308E	48383611	1D5858A4	?	90F06BCE	2441CF05	B4975458	5C3A1AD1	540F4307	B7108FDD	7B7A7DE5
545223537	A5D68316	1814FBC6	F991066D	84FD0AA8	28F170CE	9CA7CF3A	ECEAC2A4	D7369C43	E5C9CDEF	0A105075	9BB819E2	?	FC10643E	D3CF0A62	5F62DC6C	2659D2B7	E443F45D	EEEF2024	AADB6322
545223542	EEB65043	9A89A1E7	93B829BB	8D0719FD	78D31C5C	62DFB839	AFCC6F9B	B0C17989	D79F6B50	CBE86AD9	1A17DB20	?	67305CAE	835D45BE	0A2D6481	F0798A9D	7477A5B3	26CDB06B	DA3C485F
545223547	37951D70	1CFE4807	2DDE4D09	95122952	C8B5C7EA	2917A139	72AF1C92	8A4B56D0	C97508B0	8DC0853E	98779C5E	?	D250551E	32EA811B	B4F7EC95	BA984284	04AB5709	5EAC40B2	099D2D9C
545223552	8075EA9D	9F72EE28	C8057056	9D1D38A8	18987378	EF4F8A39	3591C989	63D53416	BB4CA611	4F989FA2	16D75D9C	?	3D704D8E	E278BC77	5FC274A9	84B8FA6A	94E0085F	968BD0F9	38FD12D9
545223557	C954B7CA	21E79448	622B93A4	A52747FD	687A1F06	B5877339	F8737681	3D5F115D	AD224371	1170BA07	95361EDA	?	A89045FD	9206F7D4	0A8DFCBE	4ED7B251	2514B9B5	CE6A613F	685EF816
545223562	123484F7	A45C3A69	FC51B6F2	AD325752	B85CCA93	7BBF5C39	BB552378	16EAEEA3	9EF8E0D2	D349D46B	1396E018	?	13B03E6D	41933331	B55884D2	18F76A37	B5486B0B	0649F186	97BFDD53
545223567	5B135224	26D0E089	9678DA40	B53D66A8	083E7621	41F74539	7E38D06F	F074CBEA	90CF7E33	9521EED0	91F5A156	?	7ED036DD	F1216E8D	60230CE6	E317221D	457C1C61	3E2881CD	C720C28F
545223572	A3F31F51	A94586AA	309EFD8D	BD4775FD	582121AF	082F2E39	411A7D66	C9FEA930	82A51B93	56F90934	10556294	?	E9F12F4D	A0AFA9EA	0AEE94FA	AD36DA04	D5B0CDB8	76061214	F681A7CC
545223577	ECD3EC7E	2BBA2CCA	CAC520DB	C5528552	A803CD3D	CE671739	03FC2A5E	A3898677	747BB8F4	18D12399	8EB523D2	?	551127BD	503CE546	B5B91D0F	775691EA	65E57F0E	ADE5A25A	25E28D09
545223582	35B2B9AB	AE2ED2EB	64EB4429	CD5C94A8	F7E578CB	949F0039	C6DED755	7D1363BE	66525655	DAA93DFD	0D14E50F	?	C031202D	FFCA20A3	6084A523	417549D1	F6193064	E5C432A1	55427246
545223587	7E9286D8	30A3790B	FF116776	D567A3FD	47C82459	5AD7E939	89C1844C	569D4104	5828F3B5	9C815862	8B74A64D	?	2B51189D	AF585C00	0B4F2D37	0B9501B7	864DE1BA	1DA3C2E8	84A35783
545223592	C7715405	B3181F2C	99388AC4	DD72B353	97AACFE7	210FD239	4CA33143	30271E4B	49FE9116	5E5972C6	09D3678B	?	9671110D	5EE6975C	B61AB54C	D5B4B99D	16819310	5582532F	B4043CC0
545223597	10512132	358CC54C	335EAE12	E57CC2A8	E78C7B74	E747BB39	0F85DE3A	09B2FB91	3BD52E77	20328D2B	883328C9	?	0191097C	0E73D2B9	60E53D60	9FD47184	A6B54466	8D61E376	E36521FD
545223602	5930EE5F	B8016B6D	CD85D160	ED87D1FD	376E2702	AD7FA439	D2678B32	E33CD8D8	2DABCBD7	E20AA78F	0692EA07	?	6CB101EC	BE010E15	0BB0C574	69F3296A	36E9F5BC	C54073BC	12C6073A
545223607	A210BB8C	3A76118D	67ABF4AD	F591E153	8751D290	73B78D39	954A3829	BCC6B61E	1F816938	A3E2C1F4	84F2AB45	?	D7D1FA5C	6D8F4972	B67B4D89	3413E151	C71EA712	FD1E0403	4227EC77
545223612	EAEF88B9	BCEBB7AE	01D217FB	FD9CF0A8	D7337E1E	39EF7639	582CE520	96519365	11580698	65BADC58	03526C83	?	42F1F2CC	1D1C84CF	6146D59D	FE329937	57525868	34FD944A	7187D1B4
545223618	75951889	BFDD4BD5	87990F25	A0DCCFDB	370F18C8	5AFF276C	A86F1B15	9B5DD020	66BF9040	4E57959E	9AF82134	?	5D18B685	562D98D7	FB06AC1C	BD8BDC4B	D12A939C	AB3CA7D2	10C8B196
545223623	BE75E5B6	4252F1F5	21C03273	A8E7DF31	86F2C456	2137106C	6B51C80D	74E7AD66	58952DA0	102FB002	1957E271	?	C838AEF5	05BBD434	A5D13430	87AB9432	615E44F2	E31B3819	402996D3
545223636	1587C7F8	C8B40849	18F0F4A3	8A9C6D75	56A4E8C7	BE2F3B05	9937BCF6	AA828651	66F62D35	082EC16E	61E93F46	?	AB8C01B2	015ED4F1	C8472F98	FB97A589	3EB34538	0DF8E26B	EE8B513F
545223641	5E669525	4B29AE6A	B31717F1	92A77CCA	A6879455	84662405	5C1969ED	840C6398	58CCCA96	CA06DBD2	E0490084	?	16ACFA22	B0EC104E	7312B7AC	C5B65D6F	CEE7F68E	45D672B1	1DEC367B
545223646	A7466252	CD9E548A	4D3D3B3F	9AB18C20	F6693FE2	4A9E0D05	1EFB16E4	5D9740DE	4AA367F6	8BDEF637	5EA8C1C1	?	81CCF291	607A4BAB	1DDD3FC1	8FD61556	5F1BA7E4	7DB502F8	4D4D1BB8
545223651	F0252F7F	5012FAAB	E7645E8C	A2BC9B75	464BEB70	10D6F605	E1DDC3DB	37211E25	3C790557	4DB6109B	DD0882FF	?	ECECEB01	10078707	C8A8C7D5	59F5CD3C	EF4F593A	B594933F	7CAE00F5
545223656	3905FCAC	D287A0CB	818A81DA	AAC6AACA	962E96FE	D70EDF05	A4C070D3	10ABFB6B	2E4FA2B8	0F8E2B00	5B68443D	?	580CE371	BF95C264	73734FE9	24158523	7F830A90	ED732386	AC0FE632
545223661	81E4C9D9	54FC46EC	1BB0A528	B2D1BA20	E610428C	9D46C805	67A21DCA	EA35D8B2	20254018	D1674564	D9C7057B	?	C32CDBE1	6F23FDC0	1E3ED7FE	EE343D09	0FB7BBE7	2552B3CD	DB70CB6F
545223666	CAC49706	D770ED0C	B5D7C876	BADCC975	35F2EE1A	637EB105	2A84CAC1	C3C0B5F8	11FCDD79	933F5FC9	5827C6B9	?	2E4CD451	1EB0391D	C9096012	B854F4EF	9FEC6D3D	5D314413	0AD1B0AC
545223671	13A36433	59E5932D	4FFDEBC3	C2E6D8CA	85D599A8	29B69A05	ED6677B8	9D4A933F	03D27AD9	55177A2D	D68687F7	?	996CCCC1	CE3E747A	73D4E826	8273ACD6	30201E93	9510D45A	3A3195E9
545223681	A562FE8D	5ECEDF6E	844A325F	D2FBF775	2599F0C3	B6266C05	732BD1A7	505F4DCC	E77FB59B	D8C7AEF6	D3460A73	?	6FADBDA1	2D5AEB33	C96AF84F	16B21CA3	5088813F	04CDF4E8	98F36063
545223686	EE42CBBA	E143858E	1E7055AD	DB0606CA	757B9C51	7C5E5505	360D7E9E	29E92B12	D95552FB	9A9FC95A	51A5CBB1	?	DACDB610	DCE7268F	74358063	E0D2D489	E0BC3295	3CAC852E	C85445A0
545223691	372198E7	63B82BAF	B89778FA	E3111620	C55E47DF	42963E05	F8EF2B95	03730859	CB2BF05C	5C77E3BF	D0058CEF	?	45EDAE80	8C7561EC	1F000878	AAF18C6F	70F1E3EB	748B1575	F7B52ADD
545223696	80016614	E62CD1CF	52BD9C48	EB1B2575	1540F36D	08CE2704	BBD2D88C	DCFDE5A0	BD028DBD	1E50FE23	4E644E2D	?	B10DA6F0	3C039D49	C9CB908C	75114456	01259541	AC6AA5BC	2716101A
545223701	C8E13341	68A177F0	ECE4BF96	F32634CB	65229EFB	CF061004	7EB48584	B688C2E6	AED82B1D	E0281888	CCC40F6A	?	1C2D9F60	EB90D8A5	749618A0	3F31FC3C	91594697	E4493603	5676F556
545223706	11C0006E	EB161E10	870AE2E3	FB314420	B5054A89	953EF904	4196327B	9012A02D	A0AEC87E	A20032EC	4B24D0A8	?	874D97D0	9B1E1402	1F61A0B4	0950B423	218DF7ED	1C27C64A	85D7DA93
545223711	5AA0CD9B	6D8BC431	21300631	033B5375	04E7F616	5B76E204	0478DF72	699C7D73	928565DE	63D84D51	C98391E6	?	F26D9040	4AAC4F5E	CA2C28C9	D3706C09	B1C1A943	54065690	B538BFD0
545223716	A37F9AC8	EFFF6A51	BB57297F	0B4662CB	54C9A1A4	21AECB04	C75A8C69	43275ABA	845B033F	25B067B5	47E35324	?	5D8D88B0	FA398ABB	74F7B0DD	9D8F23EF	41F55A99	8BE5E6D7	E499A50D
545223721	EC5F67F5	72741072	557D4CCD	13507220	A4AB4D32	E7E6B404	8A3D3960	1CB13800	7631A0A0	E788821A	C6421462	?	C8AE811F	A9C7C617	1FC238F1	67AFDBD6	D22A0BEF	C3C4771E	13FA8A4A
545223726	353E3522	F4E9B692	EFA4701A	1B5B8175	F48EF8C0	AE1E9D04	4D1FE658	F63B1547	68083E00	A9609C7E	44A2D5A0	?	33CE798F	59550174	CA8CC106	31CE93BC	625EBD45	FBA30765	435B6F87
545223731	7E1E024F	775D5CB3	89CA9368	236690CB	4470A44E	74568604	1001934F	CFC5F28D	59DEDB61	6B39B6E3	C30296DE	?	9EEE71FF	08E33CD1	7557491A	FBEE4BA3	F2926E9B	338297AC	72BB54C4
545223736	C6FDCF7C	F9D202D3	23F1B6B6	2B70A020	94524FDC	3A8E6F04	D2E34046	A950CFD4	4BB478C2	2D11D147	4161581C	?	0A0E6A6F	B870782D	2022D12E	C60D0389	82C61FF1	6B6127F2	A21C3A01
545223741	0FDD9CA9	7C47A8F4	BE17DA03	337BAF75	E435FB6A	00C65804	95C6ED3D	82DAAD1A	3D8B1622	EEE9EBAC	BFC1195A	?	752E62DF	67FEB38A	CAED5943	902DBB6F	12FAD147	A33FB839	D17D1F3E
545223746	58BC69D6	FEBB4F14	583DFD51	3B86BECB	3417A6F7	C6FE4104	58A89A35	5C648A61	2F61B383	B0C10610	3E20DA98	?	E04E5B4F	178CEEE6	75B8E157	5A4C7356	A32E829D	DB1E4880	00DE047B
545223751	A19C3703	8130F535	F264209F	4390CE20	83F95285	8D362A04	1B8A472C	35EF67A7	213750E4	72992075	BC809BD6	?	4B6E53BF	C7192A43	2083696B	246C2B3C	336333F4	12FDD8C7	303FE9B8
545223756	EA7B0430	03A59B55	8C8A43ED	4B9BDD76	D3DCFE13	536E1304	DE6CF423	0F7944EE	130EEE44	34713AD9	3ADF5D14	?	B68E4C2F	76A765A0	CB4EF180	EE8BE323	C397E54A	4ADC690E	5FA0CEF4
545223761	335BD15D	86194176	26B1673A	53A5ECCB	23BEA9A1	19A6FC04	A14FA11A	E9032235	04E48BA5	F649553E	B93F1E51	?	21AE449E	2635A0FC	76197994	B8AB9B09	53CB96A0	82BBF954	8F00B431
545223766	7C3A9E8A	088EE796	C0D78A88	5BB0FC20	73A0552F	DFDEE504	64314E11	C28DFF7B	F6BA2905	B8216FA2	379FDF8F	?	8CCF3D0E	D5C2DC59	20E401A8	82CB52EF	E3FF47F6	BA9A899B	BE61996E
545223771	C51A6BB7	8B038DB6	5AFDADD6	63BB0B76	C38200BD	A616CE04	2713FB09	9C18DCC2	E891C666	79FA8A07	B5FEA0CD	?	F7EF357E	855017B5	CBAF89BC	4CEA0AD6	7433F94C	F27819E2	EDC27EAB
545223776	0DF938E4	0D7733D7	F524D123	6BC51ACB	1365AC4A	6C4EB704	E9F5A800	75A2BA08	DA6763C7	3BD2A46B	345E620B	?	630F2DEE	34DE5312	767A11D1	170AC2BC	0467AAA2	2A57AA29	1D2363E8
545223781	56D90611	8FECD9F7	8F4AF471	73D02A20	634757D8	3286A003	ACD854F7	4F2C974F	CC3D0127	FDAABED0	B2BD2349	?	CE2F265E	E46C8E6F	214599E5	E1297AA3	949C5BF8	62363A6F	4C844925
545223786	9FB9D33E	12618018	297117BF	7BDB3976	B3290366	F8BE8903	6FBA01EE	28B77495	BE149E88	BF82D934	311DE487	?	394F1ECE	93F9C9CB	CC1021F9	AB493289	24D00D4E	9A15CAB6	7BE52E62
545223792	2A5E630E	1553143F	AF380EE9	1F1A18A9	13069E10	19CD3A37	BFFD37E4	2DC3B150	137B282F	A81F9279	C8C39938	?	5376E287	CD0ADDD4	65D0F878	6AA2759D	9EA84882	1054DE3E	1B260E45
545223797	733E303B	97C8BA5F	495F3237	272527FE	62E8499E	E0052336	82DFE4DB	074D8E97	0551C590	69F7ACDE	47235A76	?	BE96DAF7	7C971931	109B808D	34C12D84	2EDCF9D8	48326E85	4A86F382
545223802	BC1DFD68	1A3D6080	E3855584	2F303754	B2CAF52C	A63D0C36	45C191D2	E0D76BDD	F72862F0	2BCFC742	C5821BB3	?	29B6D367	2C25548D	BB6608A1	FEE1E56A	BF10AB2E	8011FECC	79E7D8BF
545223807	04FDCA95	9CB106A0	7DAC78D2	373A46A9	02ADA0BA	6C75F536	08A33EC9	BA624924	E8FE0051	EDA7E1A7	43E2DCF1	?	94D6CBD7	DBB38FEA	663190B5	C9009D51	4F455C84	B7F08F13	A948BDFB
545223812	4DDD97C2	1F26ACC1	17D29C20	3F4555FE	528F4C48	32ADDE36	CB86EBC1	93EC266B	DAD49DB2	AF80FC0B	C2419E2F	?	FFF6C447	8B41CB46	10FC18C9	93205537	DF790DDA	EFCF1F5A	D8A9A338
545223817	96BC64EF	A19B52E1	B1F8BF6E	47506554	A271F7D6	F8E5C736	8E6898B8	6D7603B1	CCAB3B12	71581670	40A15F6D	?	6B16BCB7	3ACE06A3	BBC7A0DE	5D3F0D1D	6FADBF30	27AEAFA0	080A8875
545223822	DF9C321C	240FF902	4C1FE2BB	4F5A74A9	F253A363	BF1DB036	514A45AF	4701E0F8	BE81D873	333030D4	BF0020AB	?	D636B526	EA5C41FF	669228F2	275FC504	FFE17086	5F8D3FE7	376B6DB2
545223827	287BFF49	A6849F22	E6450609	576583FE	42364EF1	85559936	142CF2A6	208BBE3E	B05775D4	F5084B39	3D60E1E9	?	4156AD96	99EA7D5C	115DB106	F17E7CEA	901521DC	976BD02E	66CB52EF
545223832	715BCC76	28F94543	806C2957	5F6F9354	9218FA7F	4B8D8236	D70F9F9D	FA159B85	A22E1334	B6E0659D	BBC0A327	?	AC77A606	4977B8B9	BC28391B	BB9E34D1	2049D332	CF4A6075	962C382C
545223837	BA3A99A3	AB6DEB63	1A924CA4	677AA2A9	E1FAA60D	11C56B36	99F14C95	D39F78CB	9404B095	78B88002	3A1F6465	?	17979E76	F905F415	66F3C12F	85BEECB7	B07E8489	0729F0BB	C58D1D69
545223842	031A66D0	2DE29184	B4B86FF2	6F85B1FE	31DD519B	D7FD5436	5CD3F98C	AD2A5612	85DA4DF5	3A909A66	B87F25A3	?	82B796E6	A8932F72	11BE4943	4FDDA49D	40B235DF	3F088102	F4EE02A6
545223847	4BF933FD	B05737A4	4EDF9340	778FC154	81BFFD29	9E353D36	1FB5A683	86B43358	77B1EB56	FC69B4CB	36DEE6E1	?	EDD78F56	58206ACE	BC89D158	19FD5C84	D0E6E735	76E71149	244FE7E3
545223852	94D9012A	32CBDDC5	E905B68E	7F9AD0A9	D1A1A8B7	646D2636	E298537A	603E109F	698788B7	BE41CF2F	B53EA81F	?	58F787C6	07AEA62B	6754596C	E41C146A	611A988B	AEC6A190	53B0CD20
545223857	DDB8CE57	B54083E5	832CD9DB	87A5DFFF	21835444	2AA50F36	A57A0071	39C9EDE5	5B5D2617	8019E994	339E695C	?	C4178035	B73CE188	121FE180	AE3CCC51	F14E49E1	E6A531D7	8310B25D
545223862	26989B84	37B52A06	1D52FD29	8FAFEF54	7166FFD2	F0DDF836	685CAD69	1353CB2C	4D34C378	41F103F8	B1FD2A9A	?	2F3778A5	66CA1CE4	BCEA6995	785B8437	8182FB37	1E83C21D	B271979A
545223867	6F7768B1	BA2AD026	B7782077	97BAFEA9	C148AB60	B715E136	2B3E5A60	ECDDA873	3F0A60D9	03C91E5D	305DEBD8	?	9A577115	16575841	67B5F1A9	427B3C1D	11B7AC8D	56625264	E1D27CD6
545223872	B85735DE	3C9E7647	519F43C4	9FC40DFF	112A56EE	7D4DCA36	EE200757	C66785B9	30E0FE39	C5A138C1	AEBCAD16	?	05776985	C5E5939D	128079BD	0C9AF404	A1EB5DE3	8E41E2AB	11336213
545223877	0136030B	BF131C67	EBC56712	A7CF1D54	610D027C	4385B336	B103B44E	9FF26300	22B79B9A	87795326	2D1C6E54	?	709861F5	7573CEFA	BD4B01D1	D6BAABEA	321F0F39	C62072F2	40944750
545223882	4A16D038	4188C288	85EC8A60	AFDA2CA9	B0EFAE0A	09BD9C35	73E56146	797C4046	148D38FA	49526D8A	AB7C2F92	?	DBB85A65	25000A57	681689E6	A0D963D1	C253C08F	FDFF0339	6FF52C8D
545223887	92F59D65	C3FC68A8	2012ADAE	B7E43BFF	00D15997	CFF58535	36C70E3D	53061D8D	0663D65B	0B2A87EF	29DBF0D0	?	46D852D5	D48E45B3	12E011FA	6AF91BB7	528771E5	35DE937F	9F5511CA
545223892	DBD56A92	46710EC9	BA39D0FB	BFEF4B54	50B40525	962D6E35	F9A9BB34	2C91FAD3	F83A73BC	CD02A253	A83BB20E	?	B1F84B45	841C8110	BDAB9A0E	3518D39D	E2BC233B	6DBC23C6	CEB6F707
545223897	24B537BF	C8E6B4E9	545FF449	C7FA5AA9	A096B0B3	5C655735	BC8C682B	061BD81A	EA10111C	8EDABCB7	269A734C	?	1D1843B4	33A9BC6C	68762223	FF388B84	72F0D491	A59BB40D	FE17DC44
545223902	6D9404EC	4B5A5B0A	EE851797	D00469FF	F0785C41	229D4035	7F6E1522	DFA5B560	DBE6AE7D	50B2D71C	A4FA348A	?	88383C24	E337F7C9	1341AA37	C958436A	032485E7	DD7A4454	2D78C181
545223907	B674D219	CDCF012A	88AC3AE4	D80F7954	405A07CF	E8D52935	4250C21A	B92F92A7	CDBD4BDE	128AF180	235AF5C8	?	F3583494	92C53326	BE0C324B	9377FB51	9358373D	1559D49B	5CD9A6BE
545223913	411961E9	D0C19551	0E73320F	7B4F5887	A037A279	09E5DA68	9293F80F	BE3CCF62	2324D585	FB27AAC6	BAFFAA78	?	0D7FF84E	CBD5472E	57CD08CA	52D03E65	0D307271	8B98E823	FC1A86A0
545223918	89F92F16	53363B71	A89A555C	835967DD	F0194E07	D01DC368	5575A506	97C6ACA8	14FA72E5	BCFFC52A	395F6BB6	?	789FF0BD	7B63828B	029890DE	1CF0F64C	9D6423C7	C3767869	2B7B6BDD
545223923	D2D9FC43	D5ABE192	42C078AA	8B647732	3FFBF995	9655AC68	185751FD	715089EF	06D11046	7ED7DF8F	B7BF2CF4	?	E3BFE92D	2AF1BDE8	AD6318F3	E70FAE32	2D99D51E	FB5508B0	5ADB511A
545223928	1BB8C970	581F87B2	DCE79BF8	936F8687	8FDEA523	5C8D9568	DB3AFEF5	4ADB6736	F8A7ADA7	40B0F9F3	361EEE32	?	4EDFE19D	DA7EF944	582DA107	B12F6618	BDCD8674	333498F7	8A3C3657
545223933	6498969D	DA942DD3	770DBF45	9B7995DD	DFC050B0	22C57E68	9E1CABEC	2465447C	EA7D4B07	02881458	B47EAF70	?	B9FFDA0D	8A0C34A1	02F8291B	7B4E1DFF	4E0137CA	6B13293E	B99D1B94
545223938	AD7763CA	5D09D3F3	1134E293	A384A532	2FA2FC3E	E8FD6768	60FE58E3	FDEF21C3	DC54E868	C4602EBC	32DD70AE	?	251FD27D	399A6FFD	ADC3B130	456ED5E5	DE35E920	A2F2B985	E8FE00D1
545223943	F65730F7	DF7E7A14	AB5A05E1	AB8EB487	7F85A7CC	AF355068	23E005DA	D77AFF09	CE2A85C9	86384921	B13D31EC	?	903FCAED	E928AB5A	588E3944	0F8D8DCC	6E699A76	DAD149CB	185FE60E
545223948	3F36FE24	61F22034	4580292F	B399C3DD	CF67535A	756C3968	E6C3B2D2	B104DC50	C0002329	48106385	2F9DF32A	?	FB60C35D	98B5E6B6	0359C158	D9AD45B2	FE9D4BCC	12AFDA12	47C0CB4B
545223953	8816CB51	E467C655	DFA74C7C	BBA4D332	1F49FEE8	3BA42268	A9A55FC9	8A8EB996	B1D7C08A	09E87DEA	ADFCB468	?	6680BBCC	48432213	AE24496D	A3CCFD98	8ED2FD22	4A8E6A59	7720B088
545223958	D0F5987E	66DC6C75	79CD6FCA	C3AEE288	6F2BAA76	01DC0B68	6C870CC0	641896DD	A3AD5DEA	CBC0984E	2C5C75A5	?	D1A0B43C	F7D15D70	58EFD181	6DECB57F	1F06AE78	826DFAA0	A68195C5
545223963	19D565AB	E9501296	13F49318	CBB9F1DD	BF0E5604	C814F468	2F69B9B7	3DA37423	9583FB4B	8D99B2B3	AABB36E3	?	3CC0ACAC	A75E98CC	03BA5995	380B6D65	AF3A5FCE	BA4C8AE7	D5E27B02
545223968	62B432D8	6BC5B8B6	AE1AB665	D3C40132	0EF00191	8E4CDD68	F24C66AE	172D516A	875A98AC	4F71CD17	291BF821	?	A7E0A51C	56ECD429	AE85E1AA	022B254C	3F6E1124	F22B1B2D	0543603F
545223973	AB940005	EE3A5ED7	4840D9B3	DBCE1088	5ED2AD1F	5484C668	B52E13A6	F0B72EB0	7930360C	1149E77C	A77BB95F	?	13009D8C	067A0F85	595069BE	CC4BDD32	CFA2C27A	2A0AAB74	34A4457B
545223978	F473CD32	70AE04F7	E267FD01	E3D91FDD	AEB558AD	1ABCAF68	7810C09D	CA420BF7	6B06D36D	D32101E0	25DA7A9D	?	7E2095FC	B6074AE2	041BF1D2	966A9518	5FD773D0	61E93BBB	64052AB8
545223983	3D539A5F	F323AB18	7C8D204F	EBE32F32	FE97043B	E0F49868	3AF26D94	A3CCE93E	5CDD70CE	94F91C45	A43A3BDB	?	E9408E6C	6595863F	AEE679E6	608A4CFF	F00B2526	99C7CC02	93650FF5
545223988	8632678C	75985138	16B4439C	F3EE3E88	4E79AFC9	A72C8167	FDD51A8B	7D56C684	4EB30E2E	56D136A9	2299FD19	?	546186DC	1523C19B	59B101FB	2AA904E5	803FD67C	D1A65C48	C2C6F532
545223993	CF1234B9	F80CF759	B0DA66EA	FBF94DDD	9E5B5B57	6D646A67	C0B7C782	56E0A3CB	4089AB8F	18A9510D	A0F9BE57	?	BF817F4B	C4B1FCF8	047C8A0F	F4C9BCCC	107387D2	0985EC8F	F227DA6F
545223998	17F101E6	7A819D79	4B008A38	04035D32	EE3E06E4	339C5367	8399747A	306B8111	326048EF	DA826B72	1F597F95	?	2AA177BB	743E3854	AF471223	BEE874B2	A0A73928	41647CD6	2188BFAC
545224003	60D1CF13	FCF6439A	E527AD85	0C0E6C88	3E20B272	F9D43C67	467B2171	09F55E58	2436E650	9C5A85D6	9DB840D3	?	95C1702B	23CC73B1	5A129A38	89082C98	30DBEA7E	79430D1D	50E9A4E9
545224008	A9B19C40	7F6AE9BA	7F4DD0D3	14197BDD	8E025E00	C00C2567	095DCE68	E37F3B9E	160C83B1	5E32A03B	1C180211	?	00E1689B	D35AAF0E	04DD224C	5327E47F	C1109BD4	B1229D64	804A8A26
545224013	F290696D	01DF8FDB	1974F421	1C238B33	DDE5098E	86440E67	CC407B5F	BD0A18E5	07E32111	200ABA9F	9A77C34F	?	6C01610B	82E7EA6A	AFA8AA60	1D479C65	51444D2B	E9002DAA	AFAA6F63
545224018	3B70369A	845435FB	B39A176F	242E9A88	2DC7B51C	4C7CF767	8F222857	9694F62B	F9B9BE72	E1E2D504	18D7848C	?	D721597B	327525C7	5A733275	E766544C	E178FE81	20DFBDF1	DF0B54A0
545224024	C615C66A	8746CA22	39620E99	C76E79BB	8DA34FC6	6D8CA89A	DF655E4C	9BA032E6	4F204819	CA7F8E49	B07D393D	?	F1481D34	6B8639D0	F43308F3	A6BF9760	5B5039B5	971ED179	7E4C3482
545224029	0EF59397	09BB7043	D38831E6	CF788910	DD86FB54	33C4919A	A2470B43	752A102D	40F7E57A	8C57A8AE	2EDCFA7B	?	5C6815A4	1B13752C	9EFE9108	70DF4F46	EB84EB0B	CEFD61C0	ADAD19BF
545224034	57D560C4	8C301663	6DAF5534	D7839866	2D68A6E2	F9FC7A9A	6529B83A	4EB5ED73	32CD82DA	4E2FC312	AD3CBBB9	?	C7880E14	CAA1B089	49C9191C	3AFF072D	7BB89C61	06DCF207	DD0EFEFC
545224039	A0B42DF1	0EA4BC84	07D57882	DF8EA7BB	7D4A5270	C034639A	280B6532	283FCABA	24A3203B	1008DD77	2B9C7CF7	?	32A80684	7A2FEBE5	F494A130	051EBF13	0BED4DB7	3EBA824E	0C6FE439
545224044	E994FB1E	911962A4	A1FB9BD0	E798B711	CD2CFDFD	866C4C9A	EAEE1229	01C9A801	167ABD9C	D1E0F7DB	A9FB3E35	?	9DC8FEF4	29BC2742	9F5F2945	CF3E76FA	9C21FF0D	76991295	3BD0C976
545224049	3273C84B	138E08C4	3C22BF1D	EFA3C666	1D0FA98B	4CA4359A	ADD0BF20	DB548547	08505AFC	93B81240	285BFF73	?	08E8F764	D94A629E	4A2AB159	995D2EE0	2C55B063	AE78A2DB	6B30AEB3
545224054	7B539578	9602AEE5	D648E26B	F7ADD5BB	6CF15519	12DC1E9A	70B26C17	B4DE628E	FA26F85D	55902CA4	A6BAC0B1	?	7408EFD3	88D89DFB	F4F5396D	637DE6C6	BC8961B9	E6573322	9A9193F0
545224059	C43262A5	18775505	706F05B9	FFB8E511	BCD300A7	D914079A	3394190E	8E683FD4	EBFD95BE	17684709	251A81EE	?	DF29E843	3865D958	9FC0C182	2D9C9EAD	4CBD130F	1E36C369	C9F2792D
545224067	D26577BA	1C65C539	CD79A49B	D9636400	3CA4798A	AFD44933	9E986100	EA793B78	0887F7F2	4D8F3E10	EF4C1D85	?	575C4290	847B9EB9	176B34D5	D768F81D	99DE61FF	1134DD74	48F34E5B
545224072	1B4444E7	9EDA6B5A	679FC7E9	E16D7355	8C862518	760C3233	617A0DF8	C40318BF	FA5D9552	0F675874	6DACDEC3	?	C27C3B00	3409DA15	C236BCEA	A188B004	2A121355	49136DBB	78543398
545224077	64241214	214E117A	01C6EB37	E97882AA	DC68D0A6	3C441B33	245CBAEF	9D8DF605	EC3332B3	D13F72D9	EC0CA001	?	2D9C3370	E3971572	6D0144FE	6BA767EA	BA46C4AB	80F2FE01	A7B518D5
545224082	AD03DF41	A3C3B79B	9BEC0E85	F1839200	2C4B7C33	027C0433	E73F67E6	7717D34C	DE0AD014	93178D3D	6A6B613E	?	98BC2BDF	932450CE	17CCCD12	35C71FD1	4A7A7601	B8D18E48	D716FE12
545224087	F5E3AC6E	26385DBB	361331D2	F98DA155	7C2D27C1	C8B4ED33	AA2114DD	50A2B092	CFE06D74	54EFA7A2	E8CB227C	?	03DC244F	42B28C2B	C2975527	FFE6D7B7	DAAE2757	F0AF1E8F	0677E34F
545224092	3EC2799B	A8AC03DC	D0395520	0198B0AA	CC0FD34F	8EECD633	6D03C1D4	2A2C8DD9	C1B60AD5	16C7C206	672AE3BA	?	6EFD1CBF	F240C788	6D62DD3B	CA068F9D	6AE3D8AD	288EAED6	35D8C88C
545224097	87A246C8	2B21A9FC	6A5F786E	09A2C000	1BF27EDD	5524BF33	2FE56ECC	03B66B20	B38DA836	D8A0DC6B	E58AA4F8	?	DA1D152F	A1CE02E4	182D654F	94254784	FB178A03	606D3F1C	6538ADC9
545224102	D08113F5	AD96501D	04869BBB	11ADCF55	6BD42A6B	1B5BA833	F2C81BC3	DD414866	A5634596	9A78F6CF	63EA6636	?	453D0D9F	515B3E41	C2F8ED64	5E45FF6A	8B4B3B5A	984CCF63	94999305
545224107	1961E122	300AF63D	9EACBF09	19B8DEAA	BBB6D5F9	E1939133	B5AAC8BA	B6CB25AD	9739E2F7	5C501134	E2492774	?	B05D060F	00E9799D	6DC27578	2865B751	1B7FECB0	D02B5FAA	C3FA7842
545224112	6240AE4F	B27F9C5E	38D3E257	21C2EE00	0B988187	A7CB7A33	788C75B1	905502F3	89108057	1E282B98	60A9E8B2	?	1B7DFE7F	B077B4FA	188DFD8C	F2846F37	ABB39E06	080AEFF1	F35B5D7F
545224117	AB207B7C	34F4427E	D2F905A5	29CDFD55	5B7B2D14	6E036333	3B6E22A9	69DFE03A	7AE61DB8	E00045FD	DF08A9F0	?	869DF6EF	6004F057	C35885A0	BCA4271D	3BE74F5C	3FE88038	22BC42BC
545224123	35C60B4B	37E6D6A5	58C1FCCF	CD0DDC88	BB57C7BF	8F131466	8BB1589E	6EEC1CF5	D04EA75F	C89DFF42	76AE5EA1	?	A0C4BAA8	9915045F	5D195C1F	7BFD6A32	B5C08A90	B62793C0	C1FD229F
545224128	7EA5D878	BA5B7CC6	F2E7201C	D517EBDE	0B39734C	554BFD66	4E930595	4876FA3B	C22444C0	8A7519A6	F50E1FDE	?	0BE4B318	48A33FBC	07E4E434	461C2218	45F43BE6	EE062407	F15E07DC
545224133	C785A5A5	3CD022E6	8D0E436A	DD22FB33	5B1C1EDA	1B83E666	1176B28C	2200D782	B3FAE220	4C4D340B	736DE11C	?	7704AB88	F8307B18	B2AF6C48	103CD9FF	D628ED3C	25E5B44D	20BEED19
545224138	106472D2	BF44C907	273466B8	E52D0A88	AAFECA68	E1BBCF66	D4585F84	FB8BB4C8	A5D17F81	0E254E6F	F1CDA25A	?	E224A3F8	A7BEB675	5D7AF45C	DA5B91E5	665C9E92	5DC44494	501FD256
545224143	59443FFF	41B96F27	C15A8A06	ED3719DE	FAE075F6	A7F3B866	973A0C7B	D515920F	97A71CE2	CFFE68D4	702D6398	?	4D449C67	574CF1D2	08457C70	A47B49CC	F6904FE8	95A2D4DB	7F80B793
545224148	A2230D2C	C42E1548	5B81AD53	F5422933	4AC32184	6E2BA166	5A1CB972	AE9F6F55	897DBA42	91D68338	EE8C24D6	?	B86494D7	06D92D2E	B3100485	6E9A01B2	86C4013E	CD816522	AEE19CCF
545224153	EB03DA59	46A2BB68	F5A7D0A1	FD4D3889	9AA5CD12	34638A66	1CFF6669	882A4C9C	7B5457A3	53AE9D9D	6CECE614	?	23848D47	B667688B	5DDA8C99	38BAB998	16F9B294	0560F569	DE42820C
545224158	33E3A786	C9176189	8FCEF3EF	055747DE	EA8778A0	FA9B7365	DFE11360	61B429E3	6D2AF504	1586B801	EB4BA752	?	8EA485B7	65F5A3E7	08A514AD	02D9717F	A72D63EA	3D3F85AF	0DA36749
545224163	7CC274B3	4B8C07A9	29F4173C	0D625733	3A69242D	C0D35C65	A2C3C058	3B3E0729	5F009264	D75ED266	69AB6890	?	F9C57E27	1582DF44	B3709CC2	CCF92965	37611540	751E15F6	3D034C86
545224168	C5A241E1	CE00ADCA	C41A3A8A	156C6689	8A4CCFBB	870B4565	65A56D4F	14C8E470	50D62FC5	9936ECCA	E80B29CE	?	64E57697	C5101AA1	5E3B24D6	9719E14C	C795C696	ACFDA63D	6C6431C3
545224173	0E810F0E	507553EA	5E415DD8	1D7775DE	DA2E7B49	4D432E65	28881A46	EE53C1B6	42ADCD26	5B0E072F	666AEB0C	?	D0056F07	749E55FD	0906ACEA	61389932	57C977EC	E4DB3684	9BC51700
545224178	5761DC3B	D2EAFA0A	F8678126	25828533	2A1026D7	137B1765	EB6AC73D	C7DD9EFD	34836A86	1CE72193	E4CAAC4A	?	3B256777	242C915A	B3D134FF	2B585118	E7FE2942	1CBAC6CA	CB26FC3D
545224183	A040A968	555EA02B	928EA473	2D8C9489	79F3D265	D9B30065	AE4C7435	A1677C43	265907E7	DEBF3BF8	63296D87	?	A6455FE6	D3B9CCB6	5E9CBD13	F57708FF	7832DA98	54995711	FA87E17A
545224188	E9207695	D7D3464B	2CB4C7C1	3597A3DE	C9D57DF3	9FEBE965	712E212C	7AF2598A	1830A547	A097565C	E1892EC5	?	11655856	83470813	09674527	BF97C0E5	08668BEF	8C78E758	29E8C6B7
545224193	31FF43C2	5A48EC6C	C6DAEB0F	3DA2B333	19B72980	6623D265	3411CE23	547C36D0	0A0642A8	626F70C1	5FE9F003	?	7C8550C6	32D54370	B432CD3C	89B678CC	989A3D45	C457779F	5948ABF4
545224198	7ADF10EF	DCBD928C	61010E5C	45ACC289	699AD50E	2C5BBB65	F6F37B1A	2E061417	FBDCE009	24478B25	DE48B141	?	E7A54936	E2627ECC	5EFD5550	53D630B2	28CEEE9B	FC3607E6	88A99131
545224203	C3BEDE1C	5F3138AD	FB2731AA	4DB7D1DE	B97C809C	F293A465	B9D52811	0790F15D	EDB37D69	E61FA58A	5CA8727F	?	52C541A6	91F0BA29	09C8DD64	1DF5E898	B9029FF1	3415982C	B80A766E
545224208	0C9EAB49	E1A6DECD	954E54F8	55C1E133	095E2C2A	B8CB8D65	7CB7D509	E11BCEA4	DF891ACA	A7F7BFEE	DB0733BD	?	BDE63A16	417EF585	B4936579	E815A07F	49375147	6BF32873	E76B5BAA
545224213	557D7876	641B84EE	2F747846	5DCCF089	5940D7B8	7F037665	3F998200	BAA5ABEB	D15FB82B	69D0DA53	5967F4FB	?	29063286	F10B30E2	5F5EED8D	B2345865	D96B029D	A3D2B8BA	16CC40E7
545224218	9E5D45A3	E68F2B0E	C99B9B93	65D7FFDE	A9238346	453B5F65	027C2EF7	942F8931	C336558B	2BA8F4B7	D7C7B639	?	94262AF5	A0996C3F	0A2975A1	7C54104C	699FB3F3	DBB14901	462D2624
545224223	E73C12D0	6904D12F	63C1BEE1	6DE10F34	F9052ED4	0B734865	C55EDBEE	6DBA6678	B50CF2EC	ED800F1C	56267777	?	FF462365	5027A79B	B4F4FDB5	4673C832	F9D36549	1390D948	758D0B61
545224228	301CDFFD	EB79774F	FDE7E22F	75EC1E89	48E7DA61	D1AB3165	884088E5	474443BE	A6E2904C	AF582980	D48638B5	?	6A661BD5	FFB5E2F8	5FBF85CA	10938018	8A07169F	4B6F698E	A4EEF09E
545224233	78FBAD2A	6DED1D70	980E057C	7DF62DDE	98CA85EF	97E31A65	4B2235DD	20CE2105	98B92DAD	713043E4	52E5F9F3	?	D5861445	AF421E54	0A8A0DDE	DAB237FF	1A3BC7F5	834EF9D5	D44FD5DB
545224238	C1DB7A57	F062C390	323428CA	86013D34	E8AC317D	5E1B0365	0E05E2D4	FA58FE4B	8A8FCB0E	33085E49	D145BB30	?	40A60CB5	5ED059B1	B55595F2	A4D2EFE5	AA70794B	BB2C8A1C	03B0BB18
545224243	0ABB4784	72D769B1	CC5B4C18	8E0C4C89	388EDD0B	2453EC64	D0E78FCB	D3E3DB92	7C65686E	F4E078AD	4FA57C6E	?	ABC60525	0E5E950E	60201E07	6EF2A7CC	3AA42AA1	F30B1A63	3311A055
545224248	539A14B1	F54B0FD1	66816F66	96165BDE	88708899	EA8BD564	93C93CC2	AD6DB8D8	6E3C05CF	B6B99312	CE043DAC	?	16E7FD95	BDEBD06A	0AEBA61B	39115FB2	CAD8DBF7	2AEAAAA9	62728592
545224254	DE40A480	F83EA3F8	EC496690	39563B12	E84D2343	0B9A8698	E40C72B8	B279F593	C3A38F76	9F564C57	65AAF25D	?	310DC14E	F6FCE473	A4AB7C9A	F86AA2C6	44B0172B	A129BE32	01B36574
545224259	271F71AD	7AB24A19	866F89DD	41614A67	382FCED1	D1D26F97	A6EE1FAF	8C04D2DA	B57A2CD7	612E66BC	E40AB39B	?	9C2DB9BE	A68A1FCF	4F7604AE	C28A5AAD	D4E4C881	D9084E78	31144AB1
545224264	6FFF3EDA	FD27F039	2096AD2B	496C59BC	88117A5F	980A5897	69D0CCA6	658EB021	A750CA37	23068120	626974D9	?	074DB22E	56175B2C	FA418CC2	8CA91293	651879D7	10E6DEBF	60742FEE
545224269	B8DF0C07	7F9C965A	BABCD079	51766912	D7F425ED	5E424197	2CB3799D	3F188D67	99266798	E4DE9B85	E0C93617	?	726DAA9E	05A59689	A50C14D7	56C9CA7A	F54D2B2D	48C56F06	8FD5152B
545224274	01BED934	02113C7A	54E2F3C7	59817867	27D6D17A	247A2A97	EF952695	18A26AAE	8AFD04F9	A6B6B5E9	5F28F755	?	DD8EA30E	B533D1E5	4FD79CEB	20E88260	8581DC84	80A4FF4D	BF36FA68
545224279	4A9EA661	8485E29B	EF091714	618B87BC	77B87D08	EAB21397	B277D38C	F22D47F4	7CD3A259	688ED04E	DD88B893	?	48AE9B7D	64C00D42	FAA224FF	EB083A46	15B58DDA	B8838F94	EE97DFA5
545224284	937D738E	06FA88BB	892F3A62	69969712	C79B2896	B0EAFC97	75598083	CBB7253B	6EA93FBA	2A66EAB2	5BE879D0	?	B3CE93ED	144E489E	A56DAD14	B527F22D	A5E93F30	F0621FDA	1DF8C4E2
545224289	DC5D40BB	896F2EDC	23565DB0	71A1A667	177DD424	7722E597	383C2D7A	A5410281	607FDD1B	EC3F0517	DA473B0E	?	1EEE8C5D	C3DC83FB	50383528	7F47AA13	361DF086	2841B021	4D59AA1F
545224294	253C0DE9	0BE3D4FC	BD7C80FD	79ABB5BC	675F7FB2	3D5ACE97	FB1EDA71	7ECCDFC8	52567A7B	AE171F7B	58A7FC4C	?	8A0E84CD	7369BF58	FB03BD3C	496661FA	C652A1DC	601F4068	7CB98F5C
545224299	6E1CDB16	8E587B1D	57A2A44B	81B6C512	B7412B40	0392B797	BE008769	5856BD0E	442C17DC	6FEF39E0	D706BD8A	?	F52E7D3D	22F7FAB4	A5CE4551	138619E0	56865332	97FED0AF	AC1A7499
545224304	B6FBA843	10CD213D	F1C9C799	89C1D467	0724D6CD	C9CAA097	80E23460	31E09A55	3602B53C	31C75444	55667EC8	?	604E75AD	D2853611	5099CD65	DDA6D1C6	E6BA0488	CFDD60F6	DB7B59D6
545224309	FFDB7570	9341C75E	8BEFEAE7	91CBE3BC	5706825B	90028997	43C5E157	0B6A779B	27D9529D	F39F6EA9	D3C64006	?	CB6E6E1D	8213716D	FB635579	A7C589AD	76EEB5DE	07BCF13C	0ADC3F13
545224314	48BA429D	15B66D7E	26160E34	99D6F312	A6E82DE9	563A7297	06A78E4E	E4F554E2	19AFEFFE	B577890D	52250144	?	368E668C	31A0ACCA	A62EDD8E	71E54193	07226734	3F9B8183	3A3D244F
545224319	919A0FCA	982B139E	C03C3182	A1E00267	F6CBD977	1C725B97	C9893B46	BE7F3228	0B858D5E	774FA372	D085C282	?	A1AF5EFC	E12EE827	50F965A2	3C04F97A	9756188A	777A11CA	699E098C
545224324	DA79DCF7	1A9FB9BF	5A6254D0	A9EB11BD	46AD8505	E2AA4497	8C6BE83D	98090F6F	FD5C2ABF	3927BDD6	4EE483C0	?	0CCF576C	90BC2383	FBC4EDB6	0624B160	278BC9E0	AF59A211	98FEEEC9
545224329	2359AA24	9D145FDF	F489781D	B1F62112	968F3093	A8E22D97	4F4E9534	7194ECB6	EF32C820	FB00D83A	CD4444FE	?	77EF4FDC	40495EE0	A68F75CA	D0436946	B7BF7B36	E7373257	C85FD406
545224334	6C387751	1F890600	8EAF9B6B	BA003067	E672DC21	6F1A1697	1230422B	4B1EC9FC	E1086580	BCD8F29F	4BA3063C	?	E30F484C	EFD79A3C	515AFDDF	9A63212D	47F32C8C	1F16C29E	F7C0B943
545224339	B518447E	A1FDAC20	28D6BEB9	C20B3FBD	365487AE	3552FF97	D512EF22	24A8A743	D2DF02E1	7EB00D03	CA03C779	?	4E2F40BC	9F65D599	FC2585F3	6482D913	D827DDE2	56F552E5	27219E80
545224344	FDF711AB	24725241	C2FCE207	CA154F12	8636333C	FB8AE896	97F49C1A	FE328489	C4B5A041	40882768	486388B7	?	B94F392C	4EF210F6	A6F00E07	2EA290FA	685B8F38	8ED4E32C	568283BD
545224349	46D7DED8	A6E7F861	5D230554	D2205E67	D618DECA	C1C2D196	5AD64911	D7BD61D0	B68B3DA2	026041CC	C6C249F5	?	246F319C	FE804C52	51BB961C	F8C148E0	F88F408E	C6B37373	85E368FA
545224354	8FB7AC05	295C9E82	F74928A2	DA2B6DBD	25FB8A58	87FABA96	1DB9F608	B1473F16	A862DB03	C4385C31	45220B33	?	8F8F2A0B	AE0E87AF	FC861E30	C2E100C6	88C4F1E4	FE9203B9	B5434E37
545224359	D8967932	ABD044A2	916F4BF0	E2357D12	75DD35E6	4E32A396	E09BA2FF	8AD11C5D	9A387863	86107695	C381CC71	?	FAAF227B	5D9CC30B	A751A644	8D00B8AD	18F8A33A	36709400	E4A43374
545224364	2176465F	2E45EAC3	2B966F3D	EA408C67	C5BFE174	146A8C96	A37D4FF6	645CF9A3	8C0E15C4	47E990FA	41E18DAF	?	65D01AEB	0D29FE68	521C2E59	57207093	A92C5491	6E4F2447	140518B1
545224370	AC1BD62E	31377EEA	B15D6668	8D806B9B	259C7C1E	357A3DC9	F3C085EC	6968365E	E1769F6B	30864A3F	D9874260	?	7FF6DEA5	463A1271	EBDC04D7	1679B3A8	23048FC5	E48E37CF	B346F893
545224375	F4FBA35B	B3AC250A	4B8489B5	958B7AF0	757E27AC	FBB226C9	B6A232E3	42F213A5	D34C3CCC	F25E64A4	57E7039E	?	EB16D714	F5C74DCD	96A78CEC	E0996B8E	B338411B	1C6DC816	E2A7DDD0
545224380	3DDB7088	3621CB2B	E5AAAD03	9D958A45	C560D33A	C1EA0FC9	7984DFDA	1C7DF0EC	C523DA2C	B4367F08	D646C4DC	?	5636CF84	A555892A	41721500	AAB82375	436DF271	544C585D	1208C30D
545224385	86BA3DB5	B895714B	7FD1D051	A5A0999B	15437EC7	8822F8C9	3C678CD2	F607CE32	B6F9778D	760E996D	54A68619	?	C156C7F4	54E3C486	EC3D9D14	74D8DB5B	D3A1A3C7	8C2AE8A3	4169A84A
545224390	CF9A0AE2	3B0A176C	19F7F39E	ADAAA8F0	65252A55	4E5AE1C9	FF4939C9	CF91AB79	A8CF14EE	37E6B3D1	D3054757	?	2C77C064	0471FFE3	97082529	3EF79341	63D5551D	C40978EA	70C98D87
545224395	1879D80F	BD7FBD8C	B41D16EC	B5B5B845	B507D5E3	1492CAC9	C22BE6C0	A91B88BF	9AA6B24E	F9BECE36	51650895	?	9797B8D4	B3FE3B40	41D3AD3D	09174B28	F4090673	FBE80931	A02A72C4
545224400	6159A53C	3FF363AD	4E443A3A	BDC0C79B	04E98171	DACAB3C9	850D93B7	82A66606	8C7C4FAF	BB96E89A	CFC4C9D3	?	02B7B144	638C769C	EC9E3551	D336030E	843DB7C9	33C79978	CF8B5801
545224405	AA387269	C26809CD	E86A5D88	C5CAD6F0	54CC2CFF	A1019CC9	47F040AE	5C30434C	7E52ED10	7D6F02FF	4E248B11	?	6DD7A9B4	131AB1F9	9769BD66	9D56BAF5	1471691F	6BA629BF	FEEC3D3E
545224410	F3183F96	44DDAFEE	829180D5	CDD5E646	A4AED88D	673985C9	0AD2EDA6	35BA2093	70288A70	3F471D63	CC844C4F	?	D8F7A224	C2A7ED55	4234457A	677572DB	A4A61A75	A385BA05	2E4D227B
545224415	3BF70CC3	C751560E	1CB7A423	D5E0F59B	F490841A	2D716EC9	CDB49A9D	0F45FDD9	61FF27D1	011F37C7	4AE30D8D	?	44179A93	723528B2	ECFFCD8E	31952AC1	34DACBCB	DB634A4C	5DAE07B8
545224420	84D7D9F1	49C6FC2F	B6DEC771	DDEA04F0	44732FA8	F3A957C9	90964794	E8CFDB20	53D5C531	C2F7522C	C943CECB	?	AF379303	21C3640F	97CA55A3	FBB4E2A8	C50E7D21	1342DA93	8D0EECF4
545224425	CDB6A71E	CC3BA24F	5104EABE	E5F51446	9455DB36	B9E140C9	5379F48B	C259B866	45AB6292	84CF6C90	47A29009	?	1A578B73	D1509F6B	4295DDB7	C5D49A8E	55422E77	4B216ADA	BC6FD231
545224430	1696744B	4EB04870	EB2A0E0C	EDFF239B	E43786C4	801929C9	165BA182	9BE395AD	3782FFF3	46A786F5	C6025147	?	857883E3	80DEDAC8	ED6065CB	8FF35275	E576DFCD	8300FB21	EBD0B76E
545224435	5F754178	D124EE90	8551315A	F60A32F0	34193252	465112C9	D93D4E7A	756E72F4	29589D53	087FA159	44621285	?	F0987C53	306C1624	982BEDDF	5A130A5B	75AA9123	BADF8B67	1B319CAB
545224440	A8550EA5	539994B1	1F7754A8	FE154246	83FCDDE0	0C89FBC9	9C1FFB71	4EF8503A	1B2E3AB4	CA58BBBE	C2C1D3C2	?	5BB874C3	DFFA5181	42F675F4	2433C241	05DF4279	F2BE1BAE	4A9281E8
545224445	F134DBD2	D60E3AD1	B99E77F5	061F519B	D3DE896E	D2C1E4C8	5F02A868	28822D81	0D05D815	8C30D622	41219500	?	C6D86D33	8F878CDE	EDC1FE08	EE527A28	9613F3CF	2A9DABF5	79F36725
545224450	3A14A8FF	5882E0F2	53C49B43	0E2A60F0	23C034FB	98F9CDC8	21E4555F	020D0AC7	FEDB7575	4E08F087	BF80563E	?	31F865A2	3F15C83A	988C861C	B872320E	2647A526	627B3C3C	A9534C62
545224455	82F4762C	DAF78712	EDEABE91	16347046	73A3E089	5F31B6C8	E4C60257	DB97E80E	F0B112D6	0FE00AEB	3DE0177C	?	9D185E12	EEA30397	43570E31	8291E9F5	B67B567C	9A5ACC83	D8B4319F
545224460	CBD34359	5D6C2D32	8811E1DE	1E3F7F9B	C3858C17	25699FC8	A7A8AF4E	B521C554	E288B036	D1B82550	BC40D8BA	?	08385682	9E303EF3	EE229645	4CB1A1DB	46AF07D2	D2395CC9	081516DC
545224465	14B31086	DFE0D353	2237052C	264A8EF0	136737A5	EBA188C8	6A8B5C45	8EABA29B	D45E4D97	93903FB4	3A9F99F8	?	73584EF2	4DBE7A50	98EC1E59	16D059C1	D6E4B928	0A18ED10	3776FC19
545224470	5D92DDB3	62557973	BC5E287A	2E549E46	634AE333	B1D971C8	2D6D093C	68367FE1	C634EAF8	55685A19	B8FF5B36	?	DE784762	FD4CB5AD	43B7A66E	E0F011A8	67186A7E	41F77D57	66D7E156
545224475	A672AAE0	E4CA1F94	56844BC8	365FAD9B	B32C8EC1	78115AC8	F04FB633	41C05D28	B80B8858	1741747D	375E1C74	?	49993FD2	ACDAF109	EE822E82	AB0FC98E	F74C1BD4	79D60D9E	9638C693
545224480	EF51780D	673EC5B4	F0AA6F15	3E6ABCF1	030E3A4E	3E4943C8	B331632B	1B4A3A6E	A9E125B9	D9198EE2	B5BEDDB2	?	B4B93842	5C672C66	994DB696	752F8175	8780CD2A	B1B49DE4	C598ABCF
545224485	3831453A	E9B36BD5	8AD19263	4674CC46	52F0E5DC	04812CC8	76141022	F4D517B5	9BB7C31A	9AF1A946	341E9EF0	?	1FD930B2	0BF567C2	44183EAB	3F4E395B	17B47E80	E9932E2B	F4F9910C
545224490	81101267	6C2811F5	24F7B5B1	4E7FDB9B	A2D3916A	CAB915C8	38F6BD19	CE5FF4FB	8D8E607A	5CC9C3AB	B27D602E	?	8AF92921	BB83A31F	EEE3C6BF	096EF141	A7E82FD6	2172BE72	245A7649
545224496	0BB6A236	6F1AA61C	AABFACDB	F1BFBACE	02AF2C14	EBC9C6FB	8938F30E	D36B31B7	E2F5EA21	45667CF0	4A2314DE	?	A51FECDB	F493B728	88A49D3E	C8C73456	21C16B0A	97B1D1FA	C39B562C
545224501	54966F63	F18F4C3D	44E5D029	F9C9CA24	5291D7A2	B201AFFB	4C1BA006	ACF50EFD	D4CC8782	073E9755	C883D61C	?	1040E54B	A421F284	336F2552	92E6EC3C	B1F51C60	CF906241	F2FC3B69
545224506	9D753C90	7404F25D	DF0CF376	01D4D979	A2748330	783998FB	0EFD4CFD	8680EC44	C6A224E3	C916B1B9	46E2975A	?	7B60DDBB	53AE2DE1	DE3AAD66	5D06A423	4229CDB6	076EF288	225D20A6
545224511	E65509BD	F678987E	793216C4	09DFE8CF	F2562EBE	3E7181FB	D1DFF9F4	600AC98A	B878C243	8AEECC1D	C5425898	?	E680D62A	033C693D	8904357B	27265C09	D25D7F0C	3F4D82CF	51BE05E3
545224516	2F34D6EA	78ED3E9E	13593A12	11E9F824	4238DA4C	04A96AFB	94C1A6EB	3994A6D1	AA4E5FA4	4CC6E682	43A119D6	?	51A0CE9A	B2CAA49A	33CFBD8F	F14513EF	62913062	772C1315	811EEB20
545224521	7814A417	FB62E4BF	AD7F5D5F	19F40779	921B85DA	CAE153FB	57A453E3	131F8417	9C25FD05	0E9F00E6	C201DB14	?	BCC0C70A	6258DFF7	DE9A45A3	BB65CBD6	F2C5E1B8	AF0BA35C	B07FD05D
545224526	C0F37144	7DD68ADF	47A580AD	21FF16CF	E1FD3167	91193CFB	1A8600DA	ECA9615E	8DFB9A65	D0771B4B	40619C52	?	27E0BF7A	11E51B53	8965CDB8	858483BC	82FA930E	E6EA33A3	DFE0B599
